entity_id	business_name	business_address	country	target_source	target_entity_id	target_business_name	target_business_address	target_country	label	matched_block	name_sim	address_sim	negative_category
S1-894653039	Sandlin Alliance	407 Broadhead Drive, Unit 101, Spring Hill, TN	US	source3	S3-693477857	Womens Héalth Clinic LLC	##407 Broadhead Dr, # 101, Spring Hill, Tennessee	US	0	hard_negative	35.0	80.0	similar_address
S1-399324741	Robinson Blue Trailblazer LP	38 Rangeley Drive, Asheville, NC	US	source3	S3-157470088	Robinson Blue Trailblazer Holdings	39 Rangeley Drive, Asheville, North Carolina	US	0	hard_negative	83.87096774193549	81.57894736842105	similar_address
S1-921159080	Radhey Info of Panipat	Plot No. 19, Sector-29, Huda, Panipat, Haryana, Panipat, Haryana	India	source3	S3-357788211	Radhey Techsol of Panipat LLP	Plot No. 22, Sector-29, Huda, Panipat, Haryana, Panipat, HR	India	0	hard_negative	74.50980392156863	91.05691056910568	similar_address
S1-105498619	Orthopedic Center	6504 177th Street, Omaha, NE	US	source3	S3-68783673	Orthopedic	5655 F Street, Omaha, NE	US	0	hard_negative	74.07407407407408	80.76923076923077	similar_address
S1-371834400	Catherin Serrano Pioneer L.L.C.	258 Sandstone Hollow Road, Buckhannon, WV	US	source3	S3-885058885	Stalnaker Sgrvicec,s Inc	258 Sandstone Hollow Road, Buckhannon, West Virginia	US	0	hard_negative	32.72727272727273	88.17204301075269	similar_address
S1-407514016	Bruff Guaranty PLLC	803 74th Street, Unit #D, Tacoma, WA	US	source3	S3-171787195	Brixdelta Formerly Rarodyne	1112 13th Street, Unit #A, Tacoma, WA	US	0	hard_negative	26.086956521739136	82.1917808219178	similar_address
S1-262968801	Bright Royal It Limited	67/34, Anna Road Kalavai Street, Chintadripet, Chennai, Tamil Nadu	India	source3	S3-878687265	Bright Royal It Sweets Ltd	A-67/35, Anna Road Kalavai Street, Chintadripet, Chennai, Ambattur, TN	India	0	hard_negative	77.55102040816327	85.29411764705883	similar_address
S1-185768950	H/W Giant Inc	2543 Emerson Avenue, Minneapolis, MN	US	source3	S3-998121079	H/E Contracting	5525 Emerson Avenue, Minneapolis, Minnesota	US	0	hard_negative	42.85714285714286	83.54430379746836	similar_address
S1-734490461	Fab Farms Pvt Ltd	Sohadih, Golapar Biharsharif, Nalanda, Bihar	India	source3	S3-381563772	Shri Fab Farms Public Limited	No 91 Sohadih, Golapar Biharsharif, Nalanda, BR	India	0	hard_negative	65.21739130434783	87.91208791208791	similar_address
S1-257872784	Raj Fund Limited	At/Po-Mandua Keonjhar, Keonjhar, Kendujhar, Orissa	India	source3	S3-139187935	Raj Mall	Door No 52 At/po-mandua Keonjhar, Kendujhar, Keonjhar, Orissa	India	0	hard_negative	33.333333333333336	81.08108108108108	similar_address
S1-54735913	India Sar Technologies Pvt. Ltd.	Flat No 510B, 5Th Floor, Jaina Tower One Plot No -3 Janakpuri District Center, New Delhi, West Delhi, Delhi	India	source3	S3-860515371	India Sar Téchnologies Overseas Pvt. Ltd.	Flat No 523B, DL, New Delhi, 5Th Floor, Jaina Tower One Plot No -3 Janakpuri District Center, West Delhi	India	0	hard_negative	84.93150684931507	82.46445497630332	similar_address
S1-750589346	Teg Agrotech Private Limited	235, Binnamangala, 2 Floor, 13Th Cross Road, 02 Stage, Bangalore North, Bangalore, Karnataka	India	source3	S3-219354811	Arconyx	235, Binnamangala 2Nd Flr, 13Th Crs Rd, Hoysala Ngr, Bangalore North, Bangalore, Karnataka	India	0	hard_negative	17.14285714285714	86.81318681318682	similar_address
S1-120661636	Tenet Guardian	1730 Schroon River Road, Unit Campsite 1, Warrensburg, NY	US	source3	S3-883691702	Inc Total Choice Ápollo	1730 Schroon River Rd, Unit Campsite 1, Warrensburg, New York	US	0	hard_negative	21.62162162162162	93.22033898305084	similar_address
S1-97167336	Watson Midwest Clough Center	1630 2450, Unit 49, St George City, UT	US	source3	S3-184243294	Watson Midwest Management Center	01634 2450, # 49, St George City, Utah	US	0	hard_negative	76.66666666666666	84.21052631578947	similar_address
S1-894653039	Sandlin Alliance	407 Broadhead Drive, Unit 101, Spring Hill, TN	US	source3	S3-980810877	Womens Health Clinic	##407 Broadhead Dr, Unit 101, Spring Hill, Tennessee	US	0	hard_negative	38.888888888888886	85.71428571428572	similar_address
S1-193811203	QB Plus LLP	Delhi, 269 G/F Triveni Apartment Swayam Sewa Cghs Limited Jhilmil Colony, Delhi, East Delhi	India	source3	S3-414081143	QB Plus Group	273 G/f Triveni Apartment Swayam Sewa Cghs Limited Jhilmil Colony, Delhi, East Delhi, DL	India	0	hard_negative	66.66666666666667	90.5027932960894	similar_address
S1-602720218	Warrior Term LLC	241-72 A Oak Park Drive, Little Neck, NY	US	source3	S3-226009184	Warrior Engineering Llc	241-83 A Oak Park Drive, Little Neck, New York	US	0	hard_negative	61.53846153846154	88.37209302325581	similar_address
S1-750589346	Teg Agrotech Private Limited	235, Binnamangala, 2 Floor, 13Th Cross Road, 02 Stage, Bangalore North, Bangalore, Karnataka	India	source3	S3-978194632	Al  Developers LLP	C-235, Binnamangala, 2Nd Floor, 13Th Cross, Road, Indiranagar, 2Nd Stage, Bangalore North, Bangalore, KA	India	0	hard_negative	26.086956521739136	84.6938775510204	similar_address
S1-750589346	Teg Agrotech Private Limited	235, Binnamangala, 2 Floor, 13Th Cross Road, 02 Stage, Bangalore North, Bangalore, Karnataka	India	source3	S3-110321456	Deltakoronyx DBA: Creative Agro Private Limited	235, Binnamangala, 2Nd Floor, 13Th Crossroad, Bangalore North, Bangalore, Karnataka	India	0	hard_negative	58.666666666666664	91.42857142857143	similar_address
S1-376954242	Patriot Imperii PC	2 Andrew Court, Dardenne Prairie, MO	US	source3	S3-67225546	Patriot Ímperii Partners	23 Andrew Ct, Dardenne Prairie, Missouri	US	0	hard_negative	76.19047619047619	84.21052631578947	similar_address
S1-459892815	Moreno Providence	1482 Cardinal Way, Fl 1, Chandler, AZ	US	source3	S3-30541030	Moreno Providence Corp	1487 Cardinal Way, Fl 1, Chandler, Arizona	US	0	hard_negative	87.17948717948718	88.60759493670886	similar_address
S1-520178625	Williams Bynordic LLC	1011 Oak Forest Circle, Lincoln, AL	US	source3	S3-988782098	Williams Bonrdsic Holdings	1018 Oak Forest Cir, Lincoln, Alabama	US	0	hard_negative	68.08510638297872	83.33333333333334	similar_address
S1-446850152	Mirella Coulter, D.C. Inc.	492 Woodpecker Drive, Brinnon, WA	US	source3	S3-803485318	Jimenez, Colette K., DO, DDS PC Associates Corp	492 Woodpecker Dr, Brinnon, Washington	US	0	hard_negative	38.35616438356164	81.69014084507043	similar_address
S1-837345720	Odissi Clothing Private Limited	H.No-B/593 Janakpuri, New Delhi, South West Delhi, Delhi	India	source3	S3-533846923	Smt Odissi Private Electric Limited	H.no-b/8-594 Janakpuri, New Delhi, South West Delhi, DL	India	0	hard_negative	66.66666666666667	88.28828828828829	similar_address
S1-927290314	Madelene Westberry Royal Equity	11725 Timberview Lane, Unit #407, Beaverton, OR	US	source3	S3-362410068	HXR  Usa	11725 Timberview Lane, Unit #405, Portland, Oregon	US	0	hard_negative	15.384615384615385	80.41237113402062	similar_address
S1-429076266	Solutions Aig Mining Private Limited	67/45B, Strand Road 1St Floor, Room No. 1, Kolkata, Kolkata, Howrah, West Bengal	India	source3	S3-289130693	South It Limited Center	67/44, Strand Road 1St Floor, Kolkata, Kolkata, Howrah, WB	India	0	hard_negative	47.45762711864406	82.6086956521739	similar_address
S1-295844971	WUW Ventures Corporation	Shop No. 5394-A-18 T/F Janta Market Sadar Bazar, Delhi, North Delhi, Delhi	India	source3	S3-191223751	WUW Ventures LLP	Shop No.-A-31 T/f Janta Market Sadar Bazar, Delhi, North Delhi, DL	India	0	hard_negative	65.0	90.0	similar_address
S1-892122430	Vsc Marketing Co	226, Sfs 407, Khb Colony, Yelahanka New Town, Bangalore North, Bangalore, Karnataka	India	source3	S3-159614898	Vsc Marketing Infratech Co	2-27, Sfs 407, Khb Colony, Yelahanka New Town, Bangalore North, Bangalore, KA	India	0	hard_negative	76.19047619047619	92.5	similar_address
S1-232451681	Castaldi Altisource	1818 Bedford Street, Petersburg City, VA	US	source3	S3-366910718	Chiropractic Medicine	##1818 Bedford Street, Petersburg City, Virginia	US	0	hard_negative	40.0	88.63636363636364	similar_address
S1-146365275	Gestalt Association Private Limited	B 479, New Delhi, South Delhi, Delhi	India	source3	S3-509089371	-- Gee Services Pvt. Ltd.	90/3-A, New Delhi, South Delhi, DL	India	0	hard_negative	40.0	80.0	similar_address
S1-602656337	Snook Capital Inc	210 Jerden Lane, Dallas, TX	US	source3	S3-284985689	-- SNOOK CAPITAL PARTNERS	211 Jerden Lane, Dallas, Texas	US	0	hard_negative	19.047619047619047	87.71929824561404	similar_address
S1-390668038	Qualitas Overseas Private Limited	2/546 Viram Khand Gomti Nagar, Lucknow, Uttar Pradesh	India	source3	S3-2223131	Indian Services Private	2/416, Viraj Khand Gomti Nagar, Lucknow, UP	India	0	hard_negative	53.57142857142857	83.33333333333334	similar_address
S1-123577226	Chan Vehicle Inc	1219 Peacham Court, Fresno, TX	US	source3	S3-229477772	Chan Vehicle East Inc	1224 Peacham Ct, Fresno, Texas	US	0	hard_negative	86.48648648648648	80.0	similar_address
S1-939796478	Colonial Dental Associates	10850 Warfield Circle, Marana, AZ	US	source3	S3-124529685	Colonial Dental Associates Greater Ltd	10859 Warfield Cir, Marana, Arizona	US	0	hard_negative	81.25	82.35294117647058	similar_address
S1-870131023	Martin Stone Inc	4016 Peaks Landing Way, Knoxville, TN	US	source3	S3-598199605	Martin Stone Westgate Inc	4020 Peaks Landing Way, Knoxville, Tennessee	US	0	hard_negative	78.04878048780488	83.9506172839506	similar_address
S1-151700438	Tatiana Bonner Silver Irenic	5402 Lincoln Drive, Unit 346, Paradise Valley, AZ	US	source3	S3-910971265	Sandoval (Harbors,-LLC)	5402 Lincoln Dr, # 216, Paradise Valley, Arizona	US	0	hard_negative	23.529411764705888	80.41237113402062	similar_address
S1-389664116	Best Traders Private Limited	Telangana, 10-3-32/9/66 Flat No 2A Suprani Apartments, East Marredpally, Secunderabad, Hyderabad	India	source3	S3-695611730	Best Security Limited Services	10-3-32/9/75 Flat No 2A Suprani Apartments, East Marredpally, Hyderabad, Secunderabad, TG	India	0	hard_negative	58.62068965517242	82.16216216216216	similar_address
S1-832473847	Express Learning Works LLC	1115 Scaleybark Road, Unit C, Charlotte, NC	US	source3	S3-49027218	Express Learning Works Harbor L.L.C.	1118 Scaleybark Rd, Unit C, Charlotte, North Carolina	US	0	hard_negative	83.87096774193549	83.33333333333334	similar_address
S1-887929358	Clear Analytics Networks	5226 Cambria Road, Unit Apartment B, Cambria, NY	US	source3	S3-210803076	Clear Networks Ltd Service	235 Cambria Road, Unit Apartment B, Cambria, New York	US	0	hard_negative	56.00000000000001	89.10891089108911	similar_address
S1-371834400	Catherin Serrano Pioneer L.L.C.	258 Sandstone Hollow Road, Buckhannon, WV	US	source3	S3-939271916	Stalnaker Srvie,s Inc	258  Sandstone Hollow Road, Buckhannon, West Virginia	US	0	hard_negative	34.61538461538461	87.2340425531915	similar_address
S1-547304200	Vio Partners	91 Jackson Street, Bardwell, KY	US	source3	S3-640729093	Vio  Partners South Co	0100 Jackson Street, Bardwell, Kentucky	US	0	hard_negative	70.58823529411764	82.85714285714285	similar_address
S1-759678648	JC Fresh Tpg	176-08 145 Avenue, Jamaica, NY	US	source3	S3-218268075	JC Fresh Metro Services	176-17- 145 Avenue, Jaamaica, New York	US	0	hard_negative	51.42857142857142	82.35294117647058	similar_address
S1-227472874	Pinnacle Taxable LLC	3441 Goldleaf Loop, Tucson, AZ	US	source3	S3-984714849	Pinnacle Taxable Corp	3454 Goldleaf Loop, Tucson, Arizona	US	0	hard_negative	87.8048780487805	86.15384615384616	similar_address
S1-763007811	Best Logistics Holdings	1511 Poplar Street, Amarillo, TX	US	source3	S3-257782037	Best Logistics Holdings Partners	1515 Poplar Street, Amarillo, Texas	US	0	hard_negative	83.63636363636364	89.55223880597015	similar_address
S1-976887383	GEO Twin LLC	1083 Sunscape Way, Unit 419, Casa Grande, AZ	US	source3	S3-926091743	Cade And-Li Target	1083 Sunscape Way, # 174, Casa Grande, Arizona	US	0	hard_negative	19.999999999999996	82.22222222222221	similar_address
S1-677086023	Ayn Nehme Eaton Inc	141 Kingfisher Road, Hempstead, NY	US	source3	S3-516578869	Ayn Nehme Eaton Summit Inc	146 1/2 Kingfisher Rd, Hempstead, New York	US	0	hard_negative	84.44444444444444	84.21052631578947	similar_address
S1-894653039	Sandlin Alliance	407 Broadhead Drive, Unit 101, Spring Hill, TN	US	source3	S3-885646817	Maurizia Powell Aurora Llc	##407 Broadhead Drive, Unit 101, Spring Hill, Tennessee	US	0	hard_negative	33.333333333333336	89.10891089108911	similar_address
S1-837345720	Odissi Clothing Private Limited	H.No-B/593 Janakpuri, New Delhi, South West Delhi, Delhi	India	source3	S3-890640314	Shrishyam	D-1/21 Janakpuri, New Delhi, West Delhi, Delhi	India	0	hard_negative	25.0	82.35294117647058	similar_address
S1-886660696	Family Chiropractic	2730 Meadow View Drive, Brownsville, TX	US	source3	S3-902868070	Family Chiropractic Central	2731 Meadow View Dr, Brownsville, Texas	US	0	hard_negative	82.6086956521739	87.17948717948718	similar_address
S1-53125017	Beltron College	No21 Krishna Nivas 2Nd B Cross Vijaya Bank Colony Extn Horamavu, Bangalore, Karnataka	India	source3	S3-825615352	Beltron Medical	No78 Krishna Nivas 2Nd B Cross Vijaya Bank Colony Extn Horamavu, Bangalore, KA	India	0	hard_negative	60.0	92.02453987730061	similar_address
S1-881234858	Carrie A. Johnston, DMD	3710 Goldfield Road, Apache Junction, Unit 585, AZ	US	source3	S3-602998601	Verawex Co formerly: Snyder Beyond Inc	3710 Goldfield Road, Unit 174, Apache Junction, AZ	US	0	hard_negative	29.508196721311474	80.0	similar_address
S1-758875935	Roberts Municipal LLC	6837 Merrilee Lane, Dallas, TX	US	source3	S3-761252591	Roth Couriers LLC	6837 Merrilee Lane, Dallas, Texas	US	0	hard_negative	52.63157894736843	92.06349206349206	similar_address
S1-571125847	United Agro Private Limited	63Dda Flats Prasad Nagar, New Delhi, Central Delhi, Delhi	India	source3	S3-926764587	United Agro Limited	74Dda- Flats Prasad Nagar, New Delhi, Central Delhi, DL	India	0	hard_negative	82.6086956521739	91.07142857142857	similar_address
S1-830450887	Darnell Tax Service Inc	75 Commerce Drive, Unit 722, Grayslake, IL	US	source3	S3-436055243	Daraa  Inc	75 Commerce Drive, # 7524, Grayslake, Illinois	US	0	hard_negative	54.54545454545454	81.81818181818181	similar_address
S1-26555277	Crestline Starling	1003 Curran Street, Des Arc, AR	US	source2	S2-496016154	Crestline Group Center	1008 Curran Street, DES ARC, AR	US	0	hard_negative	60.0	83.87096774193549	similar_address
S1-185027644	Kolkata Plant Ltd	Shree Ganesh Business Centreroom 4A 4Th Floor 216 A J C Bose Road, Kolkata, Calcutta, West Bengal	India	source3	S3-825879162	Kolkata Plant Industries Ltd	Shree Ganesh Business Centreroom ##4A 4Th Floor 220 A J C Bose Rad, Kolkata, Calcutta, পশ্চিমবঙ্গ	India	0	hard_negative	75.55555555555556	85.56701030927836	similar_address
S1-446850152	Mirella Coulter, D.C. Inc.	492 Woodpecker Drive, Brinnon, WA	US	source3	S3-445520313	Aviveoavi D.B.A. Legacy Hyperliquid L.L.C.	492 Woodpecker Drive, Brinnon, WA	US	0	hard_negative	29.411764705882348	100.0	similar_address
S1-976887383	GEO Twin LLC	1083 Sunscape Way, Unit 419, Casa Grande, AZ	US	source3	S3-32924798	Lower Trusted 5hip, LLC	1083 Sunscape Way, Unit 111, Casa Grande, Arizona	US	0	hard_negative	40.0	88.17204301075269	similar_address
S1-791136221	Amolak Technology of Gurgaon Private Limited	60/5, Ground Floor, Behind Sbi Bank Mehrauli Road, Gurgaon, Haryana	India	source3	S3-582237201	Amolak Tiechlnloogy Of Gurgaon Overseas Private Limited	Door No 188 60/7, Ground Floor, Behind Sbi Bank Mehrauli Road, Gurgaon, HR	India	0	hard_negative	84.84848484848484	85.1063829787234	similar_address
S1-945131102	Creative Foundation Private Limited	F.P.116 Paiki, Tps 13, Fozdar Compound, Nr.National Factory, Opp.Suray Dev Society, Behrampu, Ra, Ahmedabad, Gujarat	India	source3	S3-327676272	Creative Foundation Garments Prívate (Limited)	F.p.##118 Paiki, Tps 13, Fozdar Compound, Nr.national Factory, Opp.suray Dev Society, Behrampu, Ra, Ahmedabad, GJ	India	0	hard_negative	83.9506172839506	92.5764192139738	similar_address
S1-146365275	Gestalt Association Private Limited	B 479, New Delhi, South Delhi, Delhi	India	source3	S3-96579490	General Foundation	E - 48, New Delhi, South Delhi, DL	India	0	hard_negative	41.509433962264154	82.85714285714285	similar_address
S1-232451681	Castaldi Altisource	1818 Bedford Street, Petersburg City, VA	US	source3	S3-905285996	JY Cslm [PC]	##1818 Bedford St, Petersburg City, Virginia	US	0	hard_negative	25.806451612903224	83.33333333333334	similar_address
S1-214014754	Maintenance (India) Foods Pvt Ltd	D 528, Brigade Meadows Pulmeria Lifestyle Saluhunase, Udayapura Post Kanakapura Road, Bangalore South, Bangalore Rural, Karnataka	India	source3	S3-777127727	Maintenance (India) Flo Enterprises Pvt Ltd	Bangalore South, D 532, Brigade Meadows Pulmeria Lifestyle Saluhunase, Udayapura Post Kanakapura Road, Bangalore Rural, KA	India	0	hard_negative	81.57894736842105	82.07171314741035	similar_address
S1-676490179	Bharat Contractorsprivate Private Limited	57-58, Vrajraj Co.Op Housing Society, Chitvan Road Near Sushobhan Park, Bopal, Ahmedabad, Gujarat	India	source3	S3-182087476	Mr Bharat Contractorsprivate Limited	7-71, Vrajraj Co.op Housing Society, Chitvan Road Near Sushobhan Park, Ahmedabad Hq Region, Ahmedabad, GJ	India	0	hard_negative	85.71428571428572	82.17821782178218	similar_address
S1-170646345	2524 Jefferson Road Properties LLC	409 Union Street, Aurora, IA	US	source3	S3-769426978	Wexhalo a/k/a Emelda D. Wickman, MD, M.D., P.C.	409 Main Street, Aurora, MN	US	0	hard_negative	22.22222222222222	83.63636363636364	similar_address
S1-290846782	Joyce Babic Engineering LLC	34210 Island Estate Drive, San Benito, TX	US	source3	S3-288759019	Joyce Babic Engineering Valley	34223 Island Estate Dr, San Benito, Texas	US	0	hard_negative	84.21052631578947	85.36585365853658	similar_address
S1-718960728	Smart Institute of Technology Pvt. Ltd.	38/450 Cochin Corporationist Floor Albees Antony Estate Near South Railway Station, M G Road P O Ernakulam, Idukki, Kerala	India	source3	S3-977202212	Smart Institute of Technology [Limited]	Thrissur, #38/45 Cochin Corporationist Floor Albees Antony Estate Near South Railway Staoion, KL, NULL, M G Road P O Ernakulam	India	0	hard_negative	84.61538461538461	83.87096774193549	similar_address
S1-668474845	Conway Community Church LLC	600 Westhaven Drive, Unit Lot 51, Conway, AR	US	source3	S3-875656703	Conway Community Church Group	607 Westhaven Drive, Unit Lot 51, Conway, Arkansas	US	0	hard_negative	85.71428571428572	89.36170212765957	similar_address
S1-417022160	Laxmi Enterprises Pvt Ltd	1/483 A, Paliyapadam, Kathampotta, Alathur, Palakkad, Kerala	India	source3	S3-11016161	Laxmi Enterprises Public Limited	A-1/496 A, Paliyapadam, Kathampotta, Alathur, Melarcode, Keralam	India	0	hard_negative	80.70175438596492	85.48387096774194	similar_address
S1-758875935	Roberts Municipal LLC	6837 Merrilee Lane, Dallas, TX	US	source3	S3-45377416	Roberts Municipal Summit LLC	846 Merrilee Ln, Dallas, Texas	US	0	hard_negative	85.71428571428572	80.0	similar_address
S1-292462774	007 Tactical LLC	6461 Turner Court, Mooresville, IN	US	source3	S3-802765615	Weaver LLC Cénter	6461 Turner Ct, Mooresville, Indiana	US	0	hard_negative	30.303030303030297	85.71428571428572	similar_address
S1-371834400	Catherin Serrano Pioneer L.L.C.	258 Sandstone Hollow Road, Buckhannon, WV	US	source3	S3-931701274	Catherin Sérrano Pioneer Partners	267 Sandstone Hollow Rd, Buckhannon, West Virginia	US	0	hard_negative	75.0	81.31868131868131	similar_address
S1-23952468	Manak & Co	301, Building. No. 1, Maruti Chambers A & B Wing Near Chitralekha Printers, Andheri (West, ), Mumbai, Bandra Suburban, Maharashtra	India	source3	S3-633486722	Manak Co Holdings Services	31, Building. No. 1, Maruti Chambers A & B Wing Near Chitralekha Printers, Andheri (West, ), Mumbai, Bandra Suburban, MH	India	0	hard_negative	44.44444444444444	95.19999999999999	similar_address
S1-368658588	Laina's Deli	8190 Curving Creek Court, Fairfax County, VA	US	source3	S3-415940775	Laina's Deli Corp	##8203 Curving Creek Court, Fairfax County, Virginia	US	0	hard_negative	82.75862068965517	85.41666666666666	similar_address
S1-734392054	Delhi Gajanan Private Limited	Spark Multi Level Car Parking, Kamla Nagar, Delhi, North Delhi, Delhi	India	source3	S3-484927226	Delhi All Private Limited	H.no B3/27 Spark Multi Level Car Parking, Kamla Nagar, North Delhi, Delhi, DL	India	0	hard_negative	81.4814814814815	84.93150684931507	similar_address
S1-454583937	Office of Health	4733 Spellman Road, Houston, TX	US	source3	S3-73449299	Office of Hselbh LLC	474 Spellman Rd, Houston, Texas	US	0	hard_negative	77.77777777777779	83.87096774193549	similar_address
S1-446850152	Mirella Coulter, D.C. Inc.	492 Woodpecker Drive, Brinnon, WA	US	source3	S3-317252743	VERRORA GUARANTY INC	492 Woodpecker Drive, Brinnon, Washington	US	0	hard_negative	13.043478260869568	86.48648648648648	similar_address
S1-124685484	Spurr Imperii Group	1800 Half Street, Unit 506, Washington, DC	US	source3	S3-977522929	Ervin Bancorporation	1800 Half Street, Unit 1006, Washington, DC	US	0	hard_negative	30.76923076923077	96.47058823529412	similar_address
S1-85018503	Cole Trusted Micro	2201 Comanche Drive, Unit 2027, Chandler, AZ	US	source3	S3-18475874	-- Complete Value Grade  LLC	2201 Comanche Drive, # 1051, Chandler, Arizona	US	0	hard_negative	39.13043478260869	80.0	similar_address
S1-355149053	2917 Madison Way Holdings	43 Rebecca Street, East Palestine, OH	US	source3	S3-60580645	2917 Mdisn Way Holdings Metro	46 Rebecca St, East Palestine, Ohio	US	0	hard_negative	85.18518518518519	86.11111111111111	similar_address
S1-750589346	Teg Agrotech Private Limited	235, Binnamangala, 2 Floor, 13Th Cross Road, 02 Stage, Bangalore North, Bangalore, Karnataka	India	source3	S3-85971138	South Infotainment Private	235, Binnamangala 2Nd Flo, Or, 13Th Cross 2Nd Stage, Bangalore North, Bangalore, KA	India	0	hard_negative	44.44444444444444	85.71428571428572	similar_address
S1-881234858	Carrie A. Johnston, DMD	3710 Goldfield Road, Apache Junction, Unit 585, AZ	US	source3	S3-770408100	TKF  Rapid Automotive LLC	3710 Goldfield Road, Apache Junction, Arizona	US	0	hard_negative	29.166666666666664	82.10526315789474	similar_address
S1-976887383	GEO Twin LLC	1083 Sunscape Way, Unit 419, Casa Grande, AZ	US	source3	S3-301652835	Board  of	1083 Sunscape Way, Unit 344, Casa Grande, Arizona	US	0	hard_negative	19.047619047619047	88.17204301075269	similar_address
S1-622101931	Laxmi Technology	216, Arunodaya Apartment Vikas Puri, New Delhi, West Delhi, Delhi	India	source3	S3-681359548	Laxmi Technology Enterprises Ltd	221, Arunodaya Apartment Vikas Puri, West Delhi, DL	India	0	hard_negative	66.66666666666667	84.48275862068965	similar_address
S1-12628868	MLQ Impex Limited	No.10/15, Viswanathan, Street, Srinivasa Avenue, Chennai City Corporation, Chennai, Tamil Nadu	India	source3	S3-734168990	குளோபல் இன்டர்நேஷனல் கன்சல்டன்சி லிமிடெட்	#C-10/15, Viswanathan Street, Srinivasa Avenue, R A Puram, Chennai City Corporation, Chennai, TN	India	0	hard_negative	6.896551724137934	86.31578947368422	similar_address
S1-750589346	Teg Agrotech Private Limited	235, Binnamangala, 2 Floor, 13Th Cross Road, 02 Stage, Bangalore North, Bangalore, Karnataka	India	source3	S3-77963303	Services Bengal Buildtech	235, Binnamangala, 2Nd Floor, 13Th Cross Road, Indra Nagar 2Nd Stage, Bangalore North, Bangalore, KA	India	0	hard_negative	33.9622641509434	86.45833333333334	similar_address
S1-232451681	Castaldi Altisource	1818 Bedford Street, Petersburg City, VA	US	source3	S3-399781837	JY Cslm	##1818 Bedford Street, Petersburg, Virginia	US	0	hard_negative	23.076923076923073	81.92771084337349	similar_address
S1-105934567	Belliveau Keystone Krakacquisition L.L.C.	5100 Highbridge Street, Unit Unit 53C, Manlius, NY	US	source3	S3-208421077	LA Oriental PLLC	5100 Highbridge St, Unit Unit 13A, Manlius, New York	US	0	hard_negative	28.07017543859649	86.27450980392157	similar_address
S1-895403192	Midlothian Wildlife Trust	2761 Eagles Nest Court, Midlothian, TX	US	source3	S3-29455402	Midlothian Wildlife Trust Eastgate Association	2765 Eagles Nest Ct, Midlothian, Texas	US	0	hard_negative	70.4225352112676	86.8421052631579	similar_address
S1-412415327	Management Vjv International Private Limited	C/O-Dhananjay Kumar Bhushan, Ft No.213, Bloch D, Swablambi Residencr, Daudbigha, Kumhrar, Patna, Bihar	India	source3	S3-73027950	Management Vjv International Infratech Private	H.no 36 C/o-dhananjay Kumar Bhushan, Ft No.213, Bloch D, Swablambi Residencr, Daudbigha, Kumhrar, Patna, BR	India	0	hard_negative	82.22222222222221	91.86602870813397	similar_address
S1-894653039	Sandlin Alliance	407 Broadhead Drive, Unit 101, Spring Hill, TN	US	source3	S3-412691611	Packard	407 Broadhead Drive, Unit 101, Spring Hill, TN	US	0	hard_negative	17.391304347826086	100.0	similar_address
S1-131452603	Jala Group	I-Hub Ground Floor, Room No. B13 & B14, Amtz Capmus, Pragati Maid, Vm Sttel Project So, Visakapatnam, Pedagantyada, Visakhapatnam, Vishakhapatnam, Andhra Pradesh	India	source3	S3-846468002	jala group exports	H.no 41 I-hub Ground Floor, Room No. B13 & B14, Amtz Capmus, Pragati Maid, Vm Sttel Project So, Visakapatnam, Pedagantyada, Visakhapatnam, Vishakhapatnam, AP	India	0	hard_negative	57.14285714285714	93.08176100628931	similar_address
S1-573169216	Noemi S. Blanchard, DDS	226 Hearthstone Drive, Sparta, TN	US	source3	S3-411542032	Noemi S. Blanchard, DDS Partners Corporation	227- Hearthstone Drive, Sparta, Tennessee	US	0	hard_negative	68.65671641791045	83.78378378378379	similar_address
S1-769907082	Total Great Deep Inc	9151 Solvista Pass Lane, Houston, TX	US	source3	S3-373352652	Total Great Deep [Corp]	9164 Solvista Pass Ln, Houston, Texas	US	0	hard_negative	79.06976744186046	84.93150684931507	similar_address
S1-463681150	Cardiology Grand Health, Inc	72 Landing Road, Unit Apartment B, Glen Cove, NY	US	source3	S3-201757244	Cardiology Grand Health, Holdings	73-B Landing Road, Unit Apartment B, Glen Cove, New York	US	0	hard_negative	85.24590163934427	90.38461538461539	similar_address
S1-407524620	Countrywide Education Limited	Basement 30 Community Centre Saket, Delhi, New Delhi, South Delhi	India	source3	S3-902845864	Commercial	Basement 6, Community Centre, Saket, New Delhi, Delhi	India	0	hard_negative	25.64102564102564	84.7457627118644	similar_address
S1-235818495	Murdock and Hawkins Imaging LLC	2370 Hamiltowne Circle, Rosedale, MD	US	source3	S3-861752224	Murdock Hawkins & Imaging Central LLC	2379 Hamiltowne Cir, Roseddale, Maryland	US	0	hard_negative	79.41176470588236	81.57894736842105	similar_address
S1-151700438	Tatiana Bonner Silver Irenic	5402 Lincoln Drive, Unit 346, Paradise Valley, AZ	US	source3	S3-552219728	Tavervue  Guggenheim	5402 Lincoln Dr, # 284, Paradise Valley, Arizona	US	0	hard_negative	41.666666666666664	80.41237113402062	similar_address
S1-757645318	Vergara Harbors LLC	40 Early Drive, Portsmouth City, VA	US	source3	S3-268212830	Lumriza+ formerly Kass's Empire Appliance	40 Colin Drive, Portsmouth City, VA	US	0	hard_negative	23.33333333333333	88.57142857142857	similar_address
S1-415213349	Creative World	1745 W Fork Road, Cincinnati, OH	US	source3	S3-674267212	Creative World  Inc	1758 W Fork Rd, Cincinnati, Ohio	US	0	hard_negative	84.84848484848484	87.5	similar_address
S1-367059158	Rasoft Inc	315 Constitution Avenue, Portsmouth City, VA	US	source3	S3-118699178	Rast Holdings	324 Constitution Avenue, Portsmouth City, Virginia	US	0	hard_negative	52.17391304347826	87.2340425531915	similar_address
S1-146365275	Gestalt Association Private Limited	B 479, New Delhi, South Delhi, Delhi	India	source3	S3-326970115	Geo  Center Processors	No 14, New Delhi, South Delhi, DL	India	0	hard_negative	28.07017543859649	84.05797101449275	similar_address
S1-292462774	007 Tactical LLC	6461 Turner Court, Mooresville, IN	US	source3	S3-784848934	Zetacira Co formerly Devina's Digital	6461 Turner Court, Mooresville, IN	US	0	hard_negative	22.64150943396226	100.0	similar_address
S1-322563973	Dharma Retail Pvt. Ltd.	2Nd Floor, Klj Tower North, B-5, District Center, Netaji Subhash Place, Wazirpur, Delhi, North West, Delhi	India	source3	S3-953077036	Onyxvantage formerly Shiva New Technology Private Limited	2Nd Floor Klj Tower North, B-5 District Centre, Netaji Subash Place, Wazirpur, New Delhi, Delhi	India	0	hard_negative	37.5	89.55223880597015	similar_address
S1-680681398	Harihar Constructions Associates	584 Rajmata Farm, Jwala Nagar Rampur Up Ind, Rampur, Uttar Pradesh	India	source3	S3-251829646	Harihar Technologies Associates	58 Rajmata Farm, Jwala Nagar Rampur Up Ind, Rampur, UP	India	0	hard_negative	69.84126984126983	90.0	similar_address
S1-753007605	Colonial Heartland Park	20225 Lehmans Mill Road, Hagerstown, MD	US	source3	S3-184489766	Colonial Heartland Park Westgate	20230 Lehmans Mill Rd, Hagerstown, Maryland	US	0	hard_negative	83.63636363636364	82.92682926829268	similar_address
S1-473163329	Bert's Prairie Towing	302 Bluegrass Circle, Mt Juliet, TN	US	source3	S3-122203316	Bert's Prairie Northside Towing	315 Bluegrass Circle, Mt Juliet, Tennessee	US	0	hard_negative	80.76923076923077	83.11688311688312	similar_address
S1-151700438	Tatiana Bonner Silver Irenic	5402 Lincoln Drive, Unit 346, Paradise Valley, AZ	US	source3	S3-273225159	Modern Two LP	05402 Lincoln Drive, # 247, Paradise Valley, Arizona	US	0	hard_negative	24.390243902439025	83.16831683168317	similar_address
S1-390668038	Qualitas Overseas Private Limited	2/546 Viram Khand Gomti Nagar, Lucknow, Uttar Pradesh	India	source3	S3-586058825	Divyashree Grinding Private Ltd	2/12, Virat Khand Gomti Nagar, Lucknow, UP	India	0	hard_negative	53.125	80.0	similar_address
S1-104949826	Cordell Equity Partners Corp	Beaumont, 2421 Neches Street, TX	US	source3	S3-530025374	The Cordell Equity Partners Inc	Texas, Beaumont, 2432 Neches Street	US	0	hard_negative	81.35593220338984	80.59701492537313	similar_address
S1-885430443	OFD Bay Tax Service Inc	92 Fort Shantok Road, Montville, CT	US	source3	S3-159605682	Piedmont	92 Fort Shantok Road, Montville, CT	US	0	hard_negative	19.354838709677423	100.0	similar_address
S1-388467903	MGF Shelters Private Limited	241, Basement, Okhla Industrial Estate Phase Iii, New Delhi, Delhi	India	source3	S3-413055516	MGB KRIPA PRIVATE LIMITED	H.no 372 90, Okhla Industrial Estate Phase Iii, New Delhi, DL	India	0	hard_negative	26.415094339622648	80.31496062992126	similar_address
S1-881234858	Carrie A. Johnston, DMD	3710 Goldfield Road, Apache Junction, Unit 585, AZ	US	source3	S3-450993808	Mccluskey, Maxwell  + Brown,	3710 Goldfield Road, Apache Juction, Arizona	US	0	hard_negative	27.450980392156865	80.85106382978724	similar_address
S1-791336856	Shiva Technology Private Limited	Mumbai, 204-205 Kharede Aprt Avovesatyam Stationery Ner Goregoan Station Goregoan (East), Maharashtra, Mumbai	India	source3	S3-461996357	Shiva Management  Private	Door No 204-212 Kharede Aprt Avovesatyam Stationery Ner Goregoan Station Goregoan (East), Bombay, Mumbai, MH	India	0	hard_negative	56.14035087719298	82.94930875576037	similar_address
S1-405268933	Montex Hydro Inc	6678 72 Old Rt 36, Riverton, IL	US	source3	S3-436950479	The Griggs  Frontier Neighborhood Partners	6678 62 Old Rt 36, Riverton, Illinois	US	0	hard_negative	31.034482758620683	85.29411764705883	similar_address
S1-254744042	Housing Project VI Care	19838 Marlin Drive, Beaverton, OR	US	source3	S3-552826333	Housing Project Vi Care Westgate	69839 Marlin Drive, Beaverton CDP, Oregon	US	0	hard_negative	80.0	81.08108108108108	similar_address
S1-64834915	Caex Holding Company	280 Timber Court Drive, Unit A, Clarksville, TN	US	source3	S3-282795765	Caex Holding Company Holdings	293 Timber Court Dr, Unit A, Clarksville, Tennessee	US	0	hard_negative	81.63265306122449	83.6734693877551	similar_address
S1-876865481	Tech Construction Private Limited	H.No 199-A, Ground Floor Pocket-M, Janta Flats, Sarita Vihar, New Delhi, South Delhi, Delhi	India	source3	S3-388877904	Tech Construction Medicals Private	#204-A, Ground Floor Pocket-m, Janta Flats, Sarita Vihar, New Delhi, South Delhi, DL	India	0	hard_negative	74.62686567164178	89.14285714285714	similar_address
S1-830450887	Darnell Tax Service Inc	75 Commerce Drive, Unit 722, Grayslake, IL	US	source3	S3-56599016	Lyraorbi+ aka 7-Corners	75 Commerce Drive, Unit 7265, Grayslake, IL	US	0	hard_negative	30.434782608695656	96.47058823529412	similar_address
S1-617791826	Klann and Perez LLC	1301 St Marys Avenue, Sidney, OH	US	source3	S3-696555028	Klann and  Perez South LLC	1306-1310 St Marys Ave, Sidney, Ohio	US	0	hard_negative	84.44444444444444	82.35294117647058	similar_address
S1-998321792	Aura Brothers Private Limited	5/2, Old Palasia, Navneet Plaza Flat No. 401, Indore, Madhya Pradesh	India	source3	S3-327217699	Infra Uma Concrete Private Límited	#5/2, Old Palasia, Navneet Plaza Flat No. 401, Indore, मध्य प्रदेश	India	0	hard_negative	66.66666666666667	82.08955223880598	similar_address
S1-291320077	Tirunelveli Solutions Private Limited	B47, B48, & 49, Sipcot Industrial Growth Center Gangaikondan, Gangaikondan Post Manur, Taluk, Tirunelveli, Tamil Nadu	India	source3	S3-346836688	Tirunelveli Solutions Group Pttivaet Limited	B48, B48, & 49, Sipcot Industrial Growth Center Gangaikondan, Gangaikondan Post Manur, Taluk, Tirunelveli, TN	India	0	hard_negative	86.41975308641976	95.57522123893806	similar_address
S1-950119437	Metropole Developers Private Limited	78/1, Industrial Suburb, Yaswanthpura Road 2Nd Stage, Mahalakshmipura Ward No.10, New Marappanaplya Ward No.44, Bengaluru, Bengaluru Urban, Karnataka, Bangalore North, Bangalore, Karnataka	India	source3	S3-761951390	Metropole Developers  Ventures	78/22, Industrial Suburb, Yaswanthpura Road 2Nd Stage, Mahalakshmipura Ward No.10, New Marappanaplya Ward No.44, Bengaluru, Bengaluru Urban, Karnataka, Bangalore North, Bangalore, KA	India	0	hard_negative	72.72727272727273	96.75675675675676	similar_address
S1-9281231	Seeds Academy Private Limited	23 New Fruit Market Naroda Road, Ahmedabad, Gujarat	India	source3	S3-662661156	Seeds Alcademy Overseas Private Limited	026 New Fruit Market Naroda Road, Ahmedabad, GJ	India	0	hard_negative	85.29411764705883	89.79591836734694	similar_address
S1-901373418	Bharat Golden Technologies Private Limited	Ahmedabad, H/601, Gujarat, Aarohi Elyusium, Nr.Safal Parishar 1, Opp.Gala Gardenia, Gala Gaymkhna Road, Bopal, Ahmedabad	India	source3	S3-372256267	Bharat Go1den Technologies Agencies Private Limited	Ahmedabad, H/614, Aarohi Elyusium, Nr.safal Parishar 1, Opp.gala Gardenia, Gala Gaymkhna Road, Bopal, Ahmedabad, GJ	India	0	hard_negative	88.17204301075269	91.91489361702128	similar_address
S1-652881092	Management Aps Organics Ltd	6-1-295, Varadaraja Nagar, K.T. Road, Tirupati, Chittoor, Andhra Pradesh	India	source3	S3-78971595	Management Aps Organics Private Limited	2-1-304, Varadaraja Nagar, K.t. Road, Tirupati, Chittoor, AP	India	0	hard_negative	81.81818181818181	83.33333333333334	similar_address
S1-869319436	Demoss and Mohamed Inc	6716 Lightwood Drive, Hazelwood, MO	US	source3	S3-362581761	Solsolzeph DBA Teamsters Union Local No 593	6716 Lightwood Drive, Hazelwood, MO	US	0	hard_negative	33.84615384615385	100.0	similar_address
S1-146365275	Gestalt Association Private Limited	B 479, New Delhi, South Delhi, Delhi	India	source3	S3-359867790	Gee Sernices Pvt. Ltd.	90/3-A, New Delhi, South Delhi, DL	India	0	hard_negative	42.10526315789473	80.0	similar_address
S1-726555686	Custom Analytics Collective	53 Oak Drive, Southampton, NY	US	source3	S3-26477219	Custom Analytics Colletibe LLC	66 Oak Drive, Southampton, New York	US	0	hard_negative	87.71929824561404	84.375	similar_address
S1-17431852	Leela Charitable Trust	34/241-N, 3Rd Floor, Ua Mall, Thurakkal, Ernad, Malappuram, Malapuram, Kerala	India	source3	S3-992682140	Dr Leela Trust Charitable Group	3-4/252-N, 3Rd Floor, Ua Mall, Thurakkal, Ernad, Malapuram, Malappuram, KL	India	0	hard_negative	71.69811320754718	91.3907284768212	similar_address
S1-894653039	Sandlin Alliance	407 Broadhead Drive, Unit 101, Spring Hill, TN	US	source3	S3-525743501	WOMENS HEALTH CLINIC LLC	##407 Broadhead Dr, # 101, Spring Hill, Tennessee	US	0	hard_negative	15.000000000000002	80.0	similar_address
S1-292444531	Continental Metro Growth LLC	59850 Calgary Loop, Bend, OR	US	source3	S3-827102501	Continental Metro Growth Highland LLC	59855 Calgary Loop, Bend, Oregon	US	0	hard_negative	86.15384615384616	86.66666666666667	similar_address
S1-991048469	Gilmartin Platinum Armada LLC	520 Commerce Street, Unit APT C, Wichita, KS	US	source3	S3-369872042	Gilmartin Platinum Armada Group	523 Commerce St, Unit APT C, Wichita, Kansas	US	0	hard_negative	86.66666666666667	86.36363636363636	similar_address
S1-715192679	Anvil Sprott LLC	8161 Old Sunridge Drive, NY, Manlius	US	source3	S3-817622208	Frances  Masterson Inc Partners	8161 Old Sunridge Dr, New York, Manlius	US	0	hard_negative	21.276595744680847	88.0	similar_address
S1-761881180	Shreeji Industries Private Limited	No 1/2517, Zakir Hussain Street, Sevanthi Athithan Nagar, Redhills, Chennai, Tamil Nadu	India	source3	S3-613210249	Shreeji Industries L.L.P.	No 1/2528, Zakir Hussain Street, Sevanthi Athithan Nagar, Redhills, Chennai, தமிழ்நாடு	India	0	hard_negative	67.79661016949152	86.70520231213872	similar_address
S1-854902382	Avenue Computers Private Limited	16A Brabourne Road 7Th Floor, Kolkata, Calcutta, West Bengal	India	source3	S3-682351262	Mr Sandeep  Ventures	16A/5 Brabourne Road 7Th Floor, Calcutta, WB	India	0	hard_negative	26.923076923076927	80.76923076923077	similar_address
S1-970189295	Family Clinic	12818 Toledo Road, Pittsburg, IL	US	source3	S3-380625034	Family Clinic [Partners]	12823 Toledo Road, Pittsburg, Illinois	US	0	hard_negative	70.27027027027026	82.85714285714285	similar_address
S1-194815220	Srinithi Create (India) Private Limited	No.543, 13Th Main 23Rd Cross, Sector-7 Hsr Layout, Bangalore, Karnataka	India	source3	S3-17537799	Kelokor	No.543, 13Th Main 23Rd Cross, Sector-7 Hsr Layout, Bangalore, Karnataka	India	0	hard_negative	8.695652173913048	100.0	similar_address
S1-324717302	Gayle's Insurance	3514 Carter Hill Road, Montgomery, AL	US	source3	S3-323310032	Gayle's Insurance Corp	3517 Carter Hill Road, Montgomery, Alabama	US	0	hard_negative	87.17948717948718	88.60759493670886	similar_address
S1-218080906	LDX Logistics Limited	No. 653, 2Nd Cross Hmt Layout, R.T Nagar, Bangalore, Karnataka	India	source3	S3-199582936	LDX Logistics Private Limited	No. 666, 2Nd Cross Hmt Layout, R.t Nagar, Bangalore, KA	India	0	hard_negative	84.0	87.17948717948718	similar_address
S1-976887383	GEO Twin LLC	1083 Sunscape Way, Unit 419, Casa Grande, AZ	US	source3	S3-674333797	Board	1083 Sunscape Way, Unit 344, Casa Grande, AZ	US	0	hard_negative	0.0	95.45454545454545	similar_address
S1-157203618	SNZ Hospitality Ltd	Door No. 14-3-240/25, Manar Complex, Balmatta New Road, Jyothi Circle, Mangalore, Dakshina Kannada, Karnataka	India	source3	S3-268647673	Sas Consultantsprivate	Door No. 14-3-240/25, Manar Complex, Balmatta New Road, Jyothi Circle, Mangalore, Dakshina Kannada, KA	India	0	hard_negative	39.02439024390244	95.73459715639811	similar_address
S1-783473876	Fast Services	H. No.-E/65 B.D.A. Colony, Kohefiza, Huzur, Bhopal, Madhya Pradesh	India	source3	S3-270699883	Fast Svcs Ventures	H. No.-e/##78 B.d.a. Colony, Kohefiza, Huzur, Bhopal, MP	India	0	hard_negative	64.51612903225806	80.32786885245902	similar_address
S1-249808616	Sage India Private Limited	P-119 National Placebaksara, Howrah, West Bengal	India	source3	S3-610189001	Sage India Public Limited	P-120 National Placebaksara, Howrah, WB	India	0	hard_negative	82.35294117647058	85.0574712643678	similar_address
S1-292462774	007 Tactical LLC	6461 Turner Court, Mooresville, IN	US	source3	S3-710436950	Calotavox trading as Pediatric Dental Innovative Medicine Inc	6461 Turner Court, Mooresville, IN	US	0	hard_negative	20.779220779220775	100.0	similar_address
S1-881234858	Carrie A. Johnston, DMD	3710 Goldfield Road, Apache Junction, Unit 585, AZ	US	source3	S3-306476037	Mountain Montdessri School	3710 Goldfield Road, Apache Junction, Arizona	US	0	hard_negative	28.57142857142857	82.10526315789474	similar_address
S1-390668038	Qualitas Overseas Private Limited	2/546 Viram Khand Gomti Nagar, Lucknow, Uttar Pradesh	India	source3	S3-508923426	Quodova formerly Stb India Limited	L2/622, Viram Khand, Gomti Nagar, Lucknow, Uttar Pradesh	India	0	hard_negative	50.74626865671642	93.57798165137613	similar_address
S1-37523480	Sebriia Inc.	AZ, Tucson, 13651 La Cebadilla	US	source3	S3-889292540	Honey's Services	Tucson, 13651 La Cebadilla, Arizona	US	0	hard_negative	35.71428571428571	80.0	similar_address
S1-750589346	Teg Agrotech Private Limited	235, Binnamangala, 2 Floor, 13Th Cross Road, 02 Stage, Bangalore North, Bangalore, Karnataka	India	source3	S3-155001880	Drexcalo fka Veer Housing Pvt Ltd	No. 235, Binnamangala, 2Nd Floor, 13Th Cross Road, Indiranagar 2Nd Stage, Hoysala Nagar, Bangalore North, Bangalore, Karnataka	India	0	hard_negative	39.34426229508197	83.4862385321101	similar_address
S1-388467903	MGF Shelters Private Limited	241, Basement, Okhla Industrial Estate Phase Iii, New Delhi, Delhi	India	source3	S3-752154973	Mgb Klpia Private Limited	No 372 90, Okhla Industrial Estate Phase Iii, New Delhi, DL	India	0	hard_negative	71.69811320754718	81.60000000000001	similar_address
S1-894653039	Sandlin Alliance	407 Broadhead Drive, Unit 101, Spring Hill, TN	US	source3	S3-433171426	Maurizia Powell LLC Service	##407 Broadhead Dr, # 101, Spring Hill, Tennessee	US	0	hard_negative	37.2093023255814	80.0	similar_address
S1-976887383	GEO Twin LLC	1083 Sunscape Way, Unit 419, Casa Grande, AZ	US	source3	S3-668507274	Ka1eena Brown  Classic Partners	1083 Sunscape Way, # 25, Casa Grande, Arizona	US	0	hard_negative	23.25581395348837	80.89887640449437	similar_address
S1-728767640	Lower Frontier Marshall Group	902 Oakwood Drive, Willis, TX	US	source3	S3-629868991	Lower Frontier Mrsdal Group Group	903 Oakwood Dr, Willis, Texas	US	0	hard_negative	83.87096774193549	82.75862068965517	similar_address
S1-446850152	Mirella Coulter, D.C. Inc.	492 Woodpecker Drive, Brinnon, WA	US	source3	S3-153820054	Jimenez, Cogte K., DO, DDS PC Associates	492 Woodpecker Dr, Brinnon, Washington	US	0	hard_negative	39.39393939393939	81.69014084507043	similar_address
S1-881234858	Carrie A. Johnston, DMD	3710 Goldfield Road, Apache Junction, Unit 585, AZ	US	source3	S3-327760108	Alberta	3710 Goldfield Road, Apache Junction, AZ, Unit 904	US	0	hard_negative	13.33333333333333	86.0	similar_address
S1-976887383	GEO Twin LLC	1083 Sunscape Way, Unit 419, Casa Grande, AZ	US	source3	S3-590187479	Kaleena Brown Transport Services	1083 Sunscape Way, # 25, Casa Grande, Arizona	US	0	hard_negative	18.181818181818176	80.89887640449437	similar_address
S1-103988961	United Investments Private Limited	A/5/4 Meera Nagar Koregaonpark, Pune, Maharashtra	India	source3	S3-623832380	United Estate	A/5/13 Meera Nagar Koregaonpark, Pune, MH	India	0	hard_negative	51.06382978723405	84.44444444444444	similar_address
S1-104121469	Ariel's Specialists, L.L.C.	610 Preston Trails Drive, Pickerington, OH	US	source3	S3-238745159	Ariel's Speciflsoitf, Holdings	614 Preston Trails Drive, Pickerington, Ohio	US	0	hard_negative	63.1578947368421	93.02325581395348	similar_address
S1-292462774	007 Tactical LLC	6461 Turner Court, Mooresville, IN	US	source3	S3-863028132	Devina's Dígital	6461 Turner Corut, Mooresville, Indiana	US	0	hard_negative	25.0	87.67123287671232	similar_address
S1-750589346	Teg Agrotech Private Limited	235, Binnamangala, 2 Floor, 13Th Cross Road, 02 Stage, Bangalore North, Bangalore, Karnataka	India	source3	S3-544714807	bangalore north north medisales private limited	235 Binnamangala 2Nd, Floor 13Thcross 2Nd Stage, Bangalore North, Bangalore, KA	India	0	hard_negative	53.333333333333336	84.21052631578947	similar_address
S1-197878872	Taurus Agri LLP	6/3 Rk Prasad Chawl Kaju, Wadi Lbs Marg Ghatkopar W, Mumbai, Maharashtra	India	source3	S3-343360215	Shri Taurus Sourcing LLP	6/10 Rk Pasad Chawl Kaju, Wadi Lbs Marg Ghatkopar W, Mumbai (SUBURBAN), MH	India	0	hard_negative	66.66666666666667	82.1917808219178	similar_address
S1-232451681	Castaldi Altisource	1818 Bedford Street, Petersburg City, VA	US	source3	S3-816552804	Chiropractic Medicine | www.chiropract.com	##1818 Bedford Street, Petersburg City, Virginia	US	0	hard_negative	32.786885245901644	88.63636363636364	similar_address
S1-388467903	MGF Shelters Private Limited	241, Basement, Okhla Industrial Estate Phase Iii, New Delhi, Delhi	India	source3	S3-956270686	Lyrakorx fka Shiva Sky Consultancy Private Limited	241 Okhla Industrial Estate Phase-Iii, New Delhi, South Delhi, Delhi	India	0	hard_negative	53.84615384615385	80.59701492537313	similar_address
S1-629540133	Legacy Prairie Target LLC	3313 Tamarack Court, Unit APT 512, Evansville, IN	US	source3	S3-964153750	Legacy Prairie Target Midtown LLC	3324 Tamarack Ct, Unit APT 512, Evansville, Indiana	US	0	hard_negative	86.20689655172413	86.0	similar_address
S1-923839393	Highland Fund	245 Elmwood Avenue, Unit Suite 311, Buffalo, NY	US	source3	S3-436186702	Highland Fund Co.	249C Elmwood Avenue, # Suite 311, Buffalo, New York	US	0	hard_negative	86.66666666666667	85.71428571428572	similar_address
S1-291401316	Lambert Reliable Healthy Inc	156 Oakland Avenue, Eastchester, NY	US	source3	S3-259121470	Aureus LLC Center	156 Oakland Avenue, Eastchester, New York	US	0	hard_negative	22.22222222222222	92.10526315789474	similar_address
S1-620481679	Singh Traders Private Limited	Vill. Gadpur Teh, Tijara, Alwar, Tijara, Alwar, Rajasthan	India	source3	S3-209894632	Dr Singh Industries Private Limited Services	#31 Vill. Gadpur Teh, Tijara, Alwar, Tijara, Alwar, RJ	India	0	hard_negative	68.49315068493152	88.28828828828829	similar_address
S1-677645582	Beverlie Smith Better Tinto	801 Harrisville Road, Unit 1, Ogden City, UT	US	source3	S3-602044721	BEVERLIE SMITH BETTER TINTO HARBOR	804. Harrisville Rd, Unit 1, Ogden, Utah	US	0	hard_negative	22.95081967213115	83.33333333333334	similar_address
S1-585404569	Shiv Exports LLP	S. No. 257-3-A-5, Plot No. 2 And 3, Jijai Sankul Satav Estate, Tandulwadi Road, Baramati, Pune, Maharashtra	India	source3	S3-242537832	Shiv Exports  Automobiles LLP	S. No. 257-3-A-9/7, Plot No. 2 And 3, Jijai Sankul Satav Estate, Tandulwadi Road, Baramati, Jalochi, MH	India	0	hard_negative	71.11111111111111	87.61904761904762	similar_address
S1-881234858	Carrie A. Johnston, DMD	3710 Goldfield Road, Apache Junction, Unit 585, AZ	US	source3	S3-546738210	Heartland  Coastal Biopharma	3710 Goldfield Road, Apache Junction, Arizona	US	0	hard_negative	31.372549019607842	82.10526315789474	similar_address
S1-516834611	Jain Laxmi Energy Limited	Old No 66 A, New No111, First Floor, Mkn Road, Guindy, Chennai, Tamil Nadu	India	source3	S3-572345680	Jain Laxmi Services Limited	Old No G-68 A, New No111, First Floor, Mkn Road, Guindy, Chennai, TN	India	0	hard_negative	80.76923076923077	91.54929577464789	similar_address
S1-213230135	Rashid & Daley L.L.C.	834 Heather Lane, Winnetka, IL	US	source3	S3-184150849	Rashid Daley Co Services	#838 Heather Lane, Winentka, Illinois	US	0	hard_negative	62.22222222222222	80.59701492537313	similar_address
S1-371834400	Catherin Serrano Pioneer L.L.C.	258 Sandstone Hollow Road, Buckhannon, WV	US	source3	S3-625912983	Federal  Guild Inc	258 Sandstone Hollow Road, Buckhannon, West Virginia	US	0	hard_negative	28.57142857142857	88.17204301075269	similar_address
S1-830450887	Darnell Tax Service Inc	75 Commerce Drive, Unit 722, Grayslake, IL	US	source3	S3-224813120	Daraa Inc Partners	75 Commerce Drive, Unit 7524, Grayslake, Illinois	US	0	hard_negative	39.02439024390244	87.91208791208791	similar_address
S1-243709704	Bollinger Rapid Obic LLC	161 Oakway Drive, Mobile, AL	US	source3	S3-883548863	Bollinger Obic Lakeside LLC (Center)	168 Okway Drive, Mobile, Alabama	US	0	hard_negative	60.0	83.33333333333334	similar_address
S1-938046851	Concept City Limited	102/A, Vaibhav Apartment L.J.Road Bhandargully, Opposite Lokmanya Vidya Mandir, Mumbai, Maharashtra	India	source3	S3-302388526	Concept CITY Group Limited	1-04/A, Vaibhav Apartment L.j.road Bhandargully, Opposite Lokmanya Vidya Mandir, Mumbai, महाराष्ट्र	India	0	hard_negative	73.91304347826086	85.85858585858585	similar_address
S1-668908027	Caldora Templeton Inc	201 Bibb Street, Campbellsville, KY	US	source3	S3-641699770	First Cathedral	201 Bibb St, Campbellsville, Kentucky	US	0	hard_negative	33.333333333333336	83.33333333333334	similar_address
S1-124685484	Spurr Imperii Group	1800 Half Street, Unit 506, Washington, DC	US	source3	S3-218974645	Spurr Imperii Group [Southside]	1809 Half Street, Unit 506, Washington, District of Columbia	US	0	hard_negative	76.0	80.3921568627451	similar_address
S1-787586378	Randall's Tattoo	183 Valley View Road, Georgetown, TX	US	source3	S3-131659395	Integrated LLC Services	183 Valley View Road, Georgetown, Texas	US	0	hard_negative	15.384615384615385	93.33333333333333	similar_address
S1-250549703	Kab (India) Services Private Limited	1St Floor, Yarandahalli Village Anekal Taluk Jigani Hobli, Bangalore, No 12, Bangalore, Karnataka	India	source3	S3-32154998	Kab (India) Services Holdings Private	No 1-23, 1St Floor, Yarandahalli Village Anekal Taluk Jigani Hobli, Bengaluru, Bangalore, KA	India	0	hard_negative	76.71232876712328	83.59788359788361	similar_address
S1-791289901	Bhiwadi Entertainment Private Limited	G-276 Industrial Area, Bhiwadi, Alwar, Rajasthan	India	source3	S3-884970117	Limited Advance Emperor Center	G-276 Industrial Area, Bhiwadi, Alwar, राजस्थान	India	0	hard_negative	35.820895522388064	82.10526315789474	similar_address
S1-157203618	SNZ Hospitality Ltd	Door No. 14-3-240/25, Manar Complex, Balmatta New Road, Jyothi Circle, Mangalore, Dakshina Kannada, Karnataka	India	source3	S3-697975656	Logical Infra  Private [Limited]	#14-3-240/25, Manar Complex, Balmatta New Road, Jyothi Circle, Dakshina Kannada, Mangalore, KA	India	0	hard_negative	39.21568627450981	81.77339901477832	similar_address
S1-160865119	Jones, Carpenter and Creed	15 Elm Street, Unit Apt B, Fayetteville, AR	US	source3	S3-244097846	Jones	775 Sycamore Street, Unit Apt 45, Fayetteville, AR	US	0	hard_negative	32.25806451612904	83.87096774193549	similar_address
S1-750589346	Teg Agrotech Private Limited	235, Binnamangala, 2 Floor, 13Th Cross Road, 02 Stage, Bangalore North, Bangalore, Karnataka	India	source3	S3-218159553	Evokelovio D.B.A. Royal Memorial Trust	No 235, Binnamangala, 13Th Cross, Indiranagar 2Nd Stage, Bangalore North, Bangalore, Karnataka	India	0	hard_negative	30.303030303030297	83.87096774193549	similar_address
S1-159797870	Ram Infra	Faridabad, C/O Sanjeev Sachdeva E102 Ground Floor Bptp Park Elite Floors Sector 85 Faridabad, Faridabad, Haryana	India	source3	S3-569951530	Ram Infra Trading [Ltd]	#39 C/o Sanjeev Sachdeva E102 Ground Floor Bptp Park Elite Floors Sector 94 Faridabad, Faridabad, हरियाणा, Faridabad	India	0	hard_negative	56.25	84.21052631578947	similar_address
S1-930256670	Getz Engineering Pvt Ltd	2029-Ff Dolatkhana Opp, Chachar Chowk Oppmodhwada, Ahmadabad City, Ahmedabad, Gujarat	India	source3	S3-870131433	Getz Properties Pvt Ltd	Door No 2040-Ff Dolatkhana Opp, Chachar Chowk Oppmodhwada, Ahmadabad City, Ahmedabad, ગુજરાત	India	0	hard_negative	68.08510638297872	85.87570621468926	similar_address
S1-276236650	Rios Patriot Corporate Corp	W6312 39th Street, Town Of Clearfield, WI	US	source3	S3-275704918	Rios Patriot Hospitality Corp	##W6321 39th St, Town Of Clearfield, Wisconsin	US	0	hard_negative	78.57142857142857	80.45977011494253	similar_address
S1-232451681	Castaldi Altisource	1818 Bedford Street, Petersburg City, VA	US	source3	S3-153356027	Chiropractic Medicine	##1818 Bedford Street, Petersburg City, Virginia	US	0	hard_negative	40.0	88.63636363636364	similar_address
S1-833492860	Cooper, Burke & Cummings Corp	409 Norwood Place, Indianola, IA	US	source3	S3-850839610	Cooper, Burke & Cummings [Holdings]	412 Norwood Place, Indianola, Iowa	US	0	hard_negative	81.25	87.87878787878788	similar_address
S1-960203384	Lamothe Cardiology	663 Pine Court, Unit 5, Ogden City, UT	US	source3	S3-104890013	lamothe cardiology corp corp	684-686 Pine Ct, Unit 5, Ogden City, Utah	US	0	hard_negative	69.56521739130434	83.54430379746836	similar_address
S1-280103121	Milton & Co	Kh No-50/9, Raj Nagar Ii, Palam Colony, New Delhi, Delhi	India	source3	S3-69746371	milton & co ventures	Kh No-##50/11, Raj Nagar Ii, Palam Colony, New Delhi, दिल्ली	India	0	hard_negative	58.06451612903225	86.20689655172413	similar_address
S1-830450887	Darnell Tax Service Inc	75 Commerce Drive, Unit 722, Grayslake, IL	US	source3	S3-376660772	adelaidafxiong.com	75 Commerce Drive, Unit 865, Grayslake, Illinois	US	0	hard_negative	39.02439024390244	84.44444444444444	similar_address
S1-957397981	Sherry Quantumsphere PLLC	505 Williams Street, Unit 1, County, WY	US	source3	S3-544722894	Innovative Merchants	505 Williams St, Unit 1, County, Wyoming	US	0	hard_negative	26.66666666666667	86.07594936708861	similar_address
S1-771597432	YBC Axiom LLC	2092 Marcus Lane, Logan, IA	US	source3	S3-897780791	YBC Axiom Greater LLC	3095 Marcus Ln, Logan, Iowa	US	0	hard_negative	76.47058823529412	81.4814814814815	similar_address
S1-292462774	007 Tactical LLC	6461 Turner Court, Mooresville, IN	US	source3	S3-132573977	Weaver Consulting (LLC)	6461 Turner Court, Mooresville, Indiana	US	0	hard_negative	35.89743589743589	90.41095890410959	similar_address
S1-337480574	Josepha Finch Creative Wisconsin LLC	15 Christina Place, Newark, DE	US	source3	S3-785273769	Josepha Finch Creative Wisconsin Southside	36 1/2 Christina Place, Newark, Delaware	US	0	hard_negative	84.61538461538461	80.0	similar_address
S1-574682025	Storm Juarez Bitwise	2307 12th Street, Decatur, AL	US	source3	S3-814311825	Holland Júarez Bitwise	2307 12rd Street, Decatur, Alabama	US	0	hard_negative	71.42857142857143	82.53968253968253	similar_address
S1-292462774	007 Tactical LLC	6461 Turner Court, Mooresville, IN	US	source3	S3-563670534	Pediatric Dental Innovative Medicine (Inc)	6461 Turner Ct, Mooresville, Indiana	US	0	hard_negative	24.13793103448276	85.71428571428572	similar_address
S1-613074025	Ace Engineering Pvt Ltd	C/O, Sankar Halder 35B, Ramkrishna Upanibash, Jadavpur, Kolkata, Kolkata, Howrah, West Bengal	India	source3	S3-482884514	Ace Foods Pvt	98 C/o, Sankar Halder 35B, Ramkrishna Upanibash, Jadavpur, Kolkata, Howrah, Kolkata, WB	India	0	hard_negative	44.44444444444444	83.33333333333334	similar_address
S1-548112219	Harbor Guild	12223 Lupine Lane, Klamath Falls, OR	US	source3	S3-597923303	Harbor Gd Midtown	12227 Lupine Lane, Klamath Falls, Oregon	US	0	hard_negative	68.96551724137932	89.47368421052632	similar_address
S1-563765207	Gallegos Express Hospitality LLC	1359 Winnebago Road, Rockford, IA	US	source3	S3-633783940	gallegos express hospitality corp	1380 Winnebago Road, Rockford, Iowa	US	0	hard_negative	80.0	88.23529411764706	similar_address
S1-157203618	SNZ Hospitality Ltd	Door No. 14-3-240/25, Manar Complex, Balmatta New Road, Jyothi Circle, Mangalore, Dakshina Kannada, Karnataka	India	source3	S3-745315752	Logical Infra Privriate Limited	Door No. 14-3-240/25, Manar Complex, Balmatta New Road, Jyothi Circle, Mangalore, Dakshina Kannada, KA	India	0	hard_negative	40.0	95.73459715639811	similar_address
S1-807412242	Apex Management Private Limited	103, Parkview Enclave, Road No.2 Banjara Hills, Hyderabad, Telangana	India	source3	S3-127816647	Apex Management Engineering Private	112, Parkview Enclave, Road No.2 Banjara Hills, TG, Hyderabad	India	0	hard_negative	69.6969696969697	85.27131782945736	similar_address
S1-337551862	Lauretta L. Arnold, P.A.	3901 Autumn Woods Lane, Lohman, MO	US	source3	S3-966741850	Lauretta Ltd Arnold, P.A. L.	3902 Autumn Woods Ln, Lohman, Missouri	US	0	hard_negative	88.46153846153845	83.33333333333334	similar_address
S1-455613656	Bolanos, Georgeta, DDS	4602 Smokey Wreath Way, Ellicott City, MD	US	source3	S3-131106204	Bolanos, Georgeta, DDS Midtown	4603 Smokey Wreath Way, Ellicott City, Maryland	US	0	hard_negative	84.61538461538461	88.63636363636364	similar_address
S1-511287886	Arrowlink Hr Pvt Ltd	189/A, Canal South Rd, Bl-Sec A, Grd. Floor Metropolitan Co-Op Housing Socy.Ltd, Kolkata, Parganas South, West Bengal	India	source3	S3-174886419	Arrowlink Trade Pvt Ltd	192/A, Canal South Rd, Bl-sec A, Grd. Floor Metropolitan Co-op Housing Socy.ltd, Kolkata, Parganas South, WB	India	0	hard_negative	88.37209302325581	92.44444444444444	similar_address
S1-747837417	Amiable Producer Private Limited	A-43, 1St Floor, Office No 103, Sector - 63, Noida, Gautam Buddha Nagar, Uttar Pradesh	India	source3	S3-272536667	FM	A-43, Sector - 67, Noida, Gautam Buddha Nagar, Uttar Pradesh	India	0	hard_negative	0.0	80.82191780821918	similar_address
S1-970472629	Plattsburgh Baptist Services	28 S Platt Street, Plattsburgh, NY	US	source3	S3-619572645	Plattsburgh Baptist Services Partners Inc	31 S Platt Street, Plattsburgh, New York	US	0	hard_negative	81.15942028985508	86.48648648648648	similar_address
S1-937176254	Foot & Ankle Care of Springfield	2640 Prospect Avenue, Springfield, MO	US	source3	S3-99153676	Foot & Ankle Care of Springfield Lakeside	2653 Prospect Ave, Springfield, Missouri	US	0	hard_negative	87.67123287671232	80.51948051948052	similar_address
S1-671447766	Db Enterprises	A/2, Balaji Park, Nehrupark, Vastrapur, Ahmedabad, Gujarat	India	source3	S3-490542796	હાઇટેક માર્કેટિંગ પ્રાઇવેટ લિમિટેડ	A/2, Balaji Park, Nehrupark, Vastrapur, Ahmedabad, GJ	India	0	hard_negative	4.1666666666666625	93.69369369369369	similar_address
S1-673770364	Anubhav India	H-13, Top Floor, South Extension-I, New Delhi, South Delhi, Delhi	India	source3	S3-864471190	Mr Anubhav India Holdings	H-14, Top Floor, South Extension-i, South Delhi, New Delhi, DL	India	0	hard_negative	68.42105263157895	83.46456692913385	similar_address
S1-130667267	Contact Traders Private Limited	No.B3, Kssidc Industrial Estate, Phase-1 Factory Circle, Veerapura Village, Dodda, Ballapur, Bangalore, Bangalore Rural, Karnataka	India	source3	S3-129979303	Sri Contact Traders Group Private Ltd	No.b5, Kssidc Industrial Estate, Phase-1 Factory Circle, Veerapura Village, Dodda, Ballapur, Bangalore, Bangalore Rural, KA	India	0	hard_negative	79.41176470588236	94.86166007905138	similar_address
S1-280408376	Card and Matthews Plum	1047 Whitehall Drive, Northbrook, IL	US	source3	S3-191132879	Card and Matthews Plum Greater Corporation	105 Whitehall Dr, Northbrook, Illinois	US	0	hard_negative	68.75	81.08108108108108	similar_address
S1-232451681	Castaldi Altisource	1818 Bedford Street, Petersburg City, VA	US	source3	S3-769297104	Bernard, Ambur Aluminum	##1818 Bedford Street, Petersburg City, Virginia	US	0	hard_negative	33.333333333333336	88.63636363636364	similar_address
S1-659935316	Services Vibgyor Engineering Pvt. Ltd.	229/2, 3Rd Cross Ombr Layout, Chikka Banaswadi, Bangalore, Bangalore, Karnataka	India	source3	S3-586214676	Services Vibgy0r Network Pvt.	29/7, 3Rd Cross Ombr Layout, Chikka Banaswadi, Bangalore, Bangalore, KA	India	0	hard_negative	68.65671641791045	92.0	similar_address
S1-535352371	Caldola Hyperliquid LLC	85 Taft Avenue, Asheville, NC	US	source3	S3-13823846	Caloavi formerly Simon Fusion Center	85 Taft Avenue, Asheville, NC	US	0	hard_negative	47.45762711864406	100.0	similar_address
S1-491718373	Tanish Chits Private Limited	Flat No 2401, Block A, The Classe By Dsr, Rajendra Nagar, K.V.Rangareddy, Telangana	India	source3	S3-399686431	Tanish Education Privee Limited	Flat No 2422, Block A, The Classe By Dsr, Rajendra Nagar, K.v.rangareddy, Andhra Pradesh	India	0	hard_negative	74.57627118644068	85.38011695906434	similar_address
S1-894653039	Sandlin Alliance	407 Broadhead Drive, Unit 101, Spring Hill, TN	US	source3	S3-219770555	aurorapowell.com	##407 Broadhead Dr, Unit 101, Spring Hill, Tennessee	US	0	hard_negative	25.0	85.71428571428572	similar_address
S1-14672724	Oncology Care Associates of Huntsville Inc	137 Springview Lane, Huntsville, AL	US	source3	S3-969979168	Oncology Care Associates Of Huntsville Coastal	##142 Springview Ln, Huntsville, Alabama	US	0	hard_negative	86.36363636363636	80.0	similar_address
S1-718548781	Custom Ace Thayer LLC	314 George Street, OH, Findlay	US	source3	S3-570943511	Dorine-Greaser Inc Services	314 George Street, Findlay, Ohio	US	0	hard_negative	25.0	83.87096774193549	similar_address
S1-371834400	Catherin Serrano Pioneer L.L.C.	258 Sandstone Hollow Road, Buckhannon, WV	US	source3	S3-5677041	Lecarnign Miller Center	258  Sandstone Hollow Rd, Buckhannon, West Virginia	US	0	hard_negative	40.74074074074075	84.78260869565217	similar_address
S1-157203618	SNZ Hospitality Ltd	Door No. 14-3-240/25, Manar Complex, Balmatta New Road, Jyothi Circle, Mangalore, Dakshina Kannada, Karnataka	India	source3	S3-277045202	SUPERGROW LEASING PRIVATE LIMITED	No 14-3-240/25, Manar Complex, Balmatta New Road, Jyothi Circle, Dakshina Kannada, Mangalore, KA	India	0	hard_negative	19.23076923076923	83.90243902439025	similar_address
S1-146365275	Gestalt Association Private Limited	B 479, New Delhi, South Delhi, Delhi	India	source3	S3-297053931	सदर्न एक्सपोर्ट्स प्राइवेट लिमिटेड	I 479, New Delhi, South Delhi, दिल्ली	India	0	hard_negative	8.695652173913048	82.1917808219178	similar_address
S1-283084668	Pediatric Dental Integrated Group	5959 Old Pebble Path, Middletown, OH	US	source3	S3-509103858	Pediatric Dentistry Care Inc	5977 Old Pebble Path, Middletown, Ohio	US	0	hard_negative	62.295081967213115	89.1891891891892	similar_address
S1-446850152	Mirella Coulter, D.C. Inc.	492 Woodpecker Drive, Brinnon, WA	US	source3	S3-736713228	Legacy Hyperliquid	492 Woodpecker Drive, Brinnon, Washington	US	0	hard_negative	22.72727272727273	86.48648648648648	similar_address
S1-918703073	Internal Medicine Physicians LLC	288 June Chapel Road, Cookeville, TN	US	source3	S3-369043740	Internal Medicine Physícians Group	295 June Chapel Road, Cookeville, Tennessee	US	0	hard_negative	84.84848484848484	83.54430379746836	similar_address
S1-232451681	Castaldi Altisource	1818 Bedford Street, Petersburg City, VA	US	source3	S3-652488095	Ambur Bernard (Aluminum)	##1818 Bedford Street, Petersburg City, Virginia	US	0	hard_negative	32.55813953488372	88.63636363636364	similar_address
S1-452062927	123 Quantum	212 5th Street, Unit REAR B, Newark, OH	US	source3	S3-665464382	Urgent Care Partdtnaers Ínc	212 5th Street, Unit REAR B, Newark, Ohio	US	0	hard_negative	15.789473684210531	95.0	similar_address
S1-157203618	SNZ Hospitality Ltd	Door No. 14-3-240/25, Manar Complex, Balmatta New Road, Jyothi Circle, Mangalore, Dakshina Kannada, Karnataka	India	source3	S3-358882889	Logical Infra Prívate Limited	Door No. 14-3-240/25, Manar Complex, Balmatta New Road, Jyothi Circle, Mangalore, Dakshina Kannada, KA	India	0	hard_negative	37.5	95.73459715639811	similar_address
S1-75143037	Technologies Sanjeevani Atelier Corporation	No:412-A, N T. Complex Mundaganadar Street, Opp To State Bank C, Olony, Sivakasi, Virudhunagar, Tamil Nadu	India	source3	S3-589450709	Technologies Sanjeevani Vistar	No:9-425-a, N T. Complex Mundaganadar Street, Opp To State Bank C, Olony, Sivakasi, Virudhunagar, TN	India	0	hard_negative	71.23287671232876	93.20388349514563	similar_address
S1-151700438	Tatiana Bonner Silver Irenic	5402 Lincoln Drive, Unit 346, Paradise Valley, AZ	US	source3	S3-530170722	Tavervue Guggenheim Có	5402 Lincoln Drive, # 284, Paradise Valley, Arizona	US	0	hard_negative	40.0	84.0	similar_address
S1-366162595	Bhondsi Builder Pvt. Ltd.	0, Hari Enclave, Sneh Vihar Road, Bhondsi, Gurgaon, Haryana	India	source3	S3-649351895	Bhondsi Builder Industries Pvt. Ltd	Door No 439 3, Hari Enclave, Sneh Vihar Road, Bhondsi, Gurgaon, HR	India	0	hard_negative	80.0	83.2	similar_address
S1-123577226	Chan Vehicle Inc	1219 Peacham Court, Fresno, TX	US	source3	S3-884747959	Chan Corp Vehicle	1224 Peacham Court, Fresno, Texas	US	0	hard_negative	72.72727272727273	85.71428571428572	similar_address
S1-284448330	Jmd Life Ltd	Shop No.1, Plot N. 48 & 49, Old Blk-B 1, Gali No. 19, Kiran Garden, Uttam Nagar, New Delhi, West Delhi, Delhi	India	source3	S3-774465935	माय कंस्ट्रक्शन प्राइवेट लिमिटेड	H.no 1., Plot N. 48 & 49, Old Blk-b 1, Gali No. 19, Kiran Garden, Uttam Nagar, West Delhi, New Delhi, DL	India	0	hard_negative	9.090909090909093	87.32394366197182	similar_address
S1-976887383	GEO Twin LLC	1083 Sunscape Way, Unit 419, Casa Grande, AZ	US	source3	S3-985693372	Cardiology Clinic	1083 Sunscape Way, # 464, Casa Grande, Arizona	US	0	hard_negative	20.68965517241379	82.22222222222221	similar_address
S1-787586378	Randall's Tattoo	183 Valley View Road, Georgetown, TX	US	source3	S3-204415827	GEORGETOWN PEDIATRIC DENTISTRY CLEAN SPECIALISTS P.C.	183 Valley View Road, Georgetown, Texas	US	0	hard_negative	8.695652173913048	93.33333333333333	similar_address
S1-957397981	Sherry Quantumsphere PLLC	505 Williams Street, Unit 1, County, WY	US	source3	S3-507240801	Classic Ltd Services	505 Williams Street, # 1, County, Wyoming	US	0	hard_negative	22.22222222222222	85.0	similar_address
S1-93131423	Red Auto Body	6001 Sirl Way, Orangevale, CA	US	source3	S3-179036327	Red Auto Body Co	6003 Sirl Way, Orangevale, California	US	0	hard_negative	89.65517241379311	81.81818181818181	similar_address
S1-695747232	Pereira Farmers Inc	26430 Redwing Avenue, New Prague, MN	US	source3	S3-232478769	Pereira Frmgrs Holdings	26434. Redwing Ave, New Prague, Minnesota	US	0	hard_negative	71.42857142857143	80.51948051948052	similar_address
S1-791289901	Bhiwadi Entertainment Private Limited	G-276 Industrial Area, Bhiwadi, Alwar, Rajasthan	India	source3	S3-718414285	Bhiwadi Bánk Private Limited	G-276 Industrial Area, Bhiwadi, Alwar, RJ	India	0	hard_negative	76.92307692307692	89.8876404494382	similar_address
S1-883128985	Davis, Smith & Campbell	3822 Booth Calloway Road, Fort Worth, TX	US	source3	S3-190526686	Davis, Sdmlhht & Campbell LLC	3825 Booth Calloway Rd, Fort Worth, Texas	US	0	hard_negative	80.76923076923077	88.88888888888889	similar_address
S1-186260084	New Delhi Foundations Center	304, Dlf Courtyard, Saket, South Delhi, New Delhi, South Delhi, Delhi	India	source3	S3-589730870	New Delhi Sales Center	G-313, Dlf Courtyard, Saket, South Delhi, New Delhi, South Delhi, DL	India	0	hard_negative	76.0	91.97080291970804	similar_address
S1-323909940	Wing's Patriot Interiors	28 Chester Street, Brookfield, CT	US	source3	S3-188422698	Thompson Safe	28 Chester Street, Brookfield, CT	US	0	hard_negative	21.62162162162162	100.0	similar_address
S1-287423232	Bhuvi Welfare Society	Jublee Hills, Road No. 51, Journalist Colony, Pranay Nivas Apartment, Hyderabad, Telangana	India	source3	S3-827771239	Bhuvi Welfare Society Private Limited	#70- Jublee Hills, Road No. 51, Journalist Colony, Pranay Nivas Apartment, Hyderabad, Andhra Pradesh	India	0	hard_negative	72.41379310344827	88.42105263157895	similar_address
S1-858690931	Odell Chesapeake LLC	4107 Palmetto Bluff Drive, Charlotte, NC	US	source3	S3-221046694	Odell Holdings Services	4112 Palmetto Bluff Drvie, Charlotte, North Carolina	US	0	hard_negative	41.860465116279066	80.43478260869566	similar_address
S1-157203618	SNZ Hospitality Ltd	Door No. 14-3-240/25, Manar Complex, Balmatta New Road, Jyothi Circle, Mangalore, Dakshina Kannada, Karnataka	India	source3	S3-259418693	SNZ Hóspitality Ventures Ltd	Door No. 14-3-240/27., Manar Complex, Balmatta New Road, Jyothi Circle, Dakshina Kannada, Mangalore, KA	India	0	hard_negative	76.59574468085107	85.84905660377359	similar_address
S1-800593000	Smart International Private Limited	Building No. 238/242/11/3A/11/3, Elv Amoris, Main Road, Bangalore South, Bangalore, Karnataka	India	source3	S3-419051466	Smart International Medicals Private Limited	Building No. 238/242/11/3A/11/14, Elv Amoris, Main Road, Bangalore South, Bangalore, KA	India	0	hard_negative	88.60759493670886	93.33333333333333	similar_address
S1-650377517	Balaji It Private Limited	S-208, Basement, Greater Kailash Part Ii, New Delhi, South Delhi, Delhi	India	source3	S3-740093451	Baba Shree Consultancy Private Ltd	C-204 A, Basement, Greater Kailash Part -1, New Delhi, South Delhi, DL	India	0	hard_negative	57.6271186440678	89.36170212765957	similar_address
S1-157203618	SNZ Hospitality Ltd	Door No. 14-3-240/25, Manar Complex, Balmatta New Road, Jyothi Circle, Mangalore, Dakshina Kannada, Karnataka	India	source3	S3-454887618	supergrow leasing private limited	Door No. 14-3-240/25, Manar Complex, Balmatta New Road, Jyothi Circle, Dakshina Kannada, Mangalore, KA	India	0	hard_negative	34.61538461538461	87.20379146919431	similar_address
S1-789132410	Palermo Apogee	6333 Weatherby Road, Acton, TX	US	source3	S3-242561510	Palermo Apogee Greater	6334 Weatherby Road, Acton, Texas	US	0	hard_negative	77.77777777777779	88.88888888888889	similar_address
S1-151700438	Tatiana Bonner Silver Irenic	5402 Lincoln Drive, Unit 346, Paradise Valley, AZ	US	source3	S3-230239020	Tavervue Guggenheim LP	5402 Lincoln Dr, Unit 284, Paradise Valley, Arizona	US	0	hard_negative	40.0	86.0	similar_address
S1-881234858	Carrie A. Johnston, DMD	3710 Goldfield Road, Apache Junction, Unit 585, AZ	US	source3	S3-349964060	Nylaarc formerly Peridon Jewelers Inc	3710 Goldfield Road, Unit 309, Apache Junction, AZ	US	0	hard_negative	30.000000000000004	80.0	similar_address
S1-673770364	Anubhav India	H-13, Top Floor, South Extension-I, New Delhi, South Delhi, Delhi	India	source3	S3-181784767	DF Plast  Private	N-13, Ground Floor South Extension Part - I, New Delhi, South Delhi, DL	India	0	hard_negative	26.66666666666667	83.82352941176471	similar_address
S1-750589346	Teg Agrotech Private Limited	235, Binnamangala, 2 Floor, 13Th Cross Road, 02 Stage, Bangalore North, Bangalore, Karnataka	India	source3	S3-74066912	One ಪ್ರೊಡಕ್ಟ್ಸ್	Pro Works, No 235, Binnamangala, 2Nd Floor, 13Th Cross Road, 2Nd Stage, Bangalore North, Bangalore, KA	India	0	hard_negative	9.302325581395355	85.56701030927836	similar_address
S1-830450887	Darnell Tax Service Inc	75 Commerce Drive, Unit 722, Grayslake, IL	US	source3	S3-352359948	Iriecto One d/b/a Dynamic Genomic Enterprises	75 Commerce Drive, Unit 7002, Grayslake, IL	US	0	hard_negative	32.35294117647059	96.47058823529412	similar_address
S1-616920410	Kdh Developers LLP	Shop No. 4, Ashwin Chamber Opp. Raopura School, Raopura, Vadodara, Gujarat	India	source3	S3-538662009	Kdh Developers Overseas LLP	Door No 25, Ashwin Chamber Opp. Raopura School, Raopura, Vadodara, GJ	India	0	hard_negative	80.0	88.11188811188812	similar_address
S1-120661636	Tenet Guardian	1730 Schroon River Road, Unit Campsite 1, Warrensburg, NY	US	source3	S3-515977674	Horizon Apex Dóllar	1730 Schroon River Rd, # Campsite 136, Warrensburg, New York	US	0	hard_negative	30.303030303030297	87.17948717948718	similar_address
S1-804488246	ABG Syrian Private Limited	Hillcrestawingfn2504Hira, Nandanicmplxakshyngrbegur, Bangalore South, Bangalore, Karnataka	India	source3	S3-761215169	ABG Organic Pahiae Limited	Block F-589 Hillcrestawingfn2506hira, Nandanicmplxakshyngrbegur, Bangalore South, Bengaluru, KA	India	0	hard_negative	76.92307692307692	83.24324324324324	similar_address
S1-548952250	Garg (India) Finance LLP	F-88 Okjhla Industrial Areaphase I, Delhi, South Delhi, Delhi	India	source3	S3-126118454	Galaxy Infrastructure Prívate Limited	D-85/3 Okhla Industrial Area Phase 1, South Delhi, Delhi, DL	India	0	hard_negative	36.065573770491795	80.99173553719008	similar_address
S1-323909940	Wing's Patriot Interiors	28 Chester Street, Brookfield, CT	US	source3	S3-178884944	Deltanovi One D.B.A. Langley Holding Company Inc	28 Chester Street, Brookfield, CT	US	0	hard_negative	25.0	100.0	similar_address
S1-927290314	Madelene Westberry Royal Equity	11725 Timberview Lane, Unit #407, Beaverton, OR	US	source3	S3-844781963	HXR LLC Services	11725 Timberview Lane, Beaverton, Oregon	US	0	hard_negative	17.021276595744684	80.45977011494253	similar_address
S1-85250178	Choice Supply Works LLC	2204 Rood Street, Toledo, OH	US	source3	S3-550402037	choice supply works holdings	#2207 Rood Street, Toledo, Ohio	US	0	hard_negative	66.66666666666667	88.13559322033898	similar_address
S1-540231599	Saint Israel	1521 Graduate Lane, Unit 303, Raleigh, NC	US	source3	S3-408151169	Saint Israel Midtown Inc	1522- Graduate Lane, Unit 303, Raleigh, North Carolina	US	0	hard_negative	66.66666666666667	84.21052631578947	similar_address
S1-822722896	Rsj Coating Limited	8/186/1, Madhura Nagar Raidhurgam Police Station, Backside Gachibowli, Seri Lingampally, K.V.Rangareddy, Telangana	India	source3	S3-868929575	Rsj Coating Overseas Límited	8/186/12, Madhura Nagar Raidhurgam Police Station, Backside Gachibowli, K.v.rangareddy, Hyderabad, TG	India	0	hard_negative	76.59574468085107	81.86046511627907	similar_address
S1-750589346	Teg Agrotech Private Limited	235, Binnamangala, 2 Floor, 13Th Cross Road, 02 Stage, Bangalore North, Bangalore, Karnataka	India	source3	S3-155320889	bncómmodity.com	235, Binnamangala, 2Nd F, 13 Cross Road, Indira Ngr, Bangalore North, Bangalore, KA	India	0	hard_negative	18.6046511627907	82.28571428571428	similar_address
S1-560216553	Clear Analytics Partners	15806 Summit View Lane, Maumelle, AR	US	source3	S3-785362907	Clear Analytics Partners Partners	15808 Summit View Ln, Maumelle, Arkansas	US	0	hard_negative	84.21052631578947	84.21052631578947	similar_address
S1-232451681	Castaldi Altisource	1818 Bedford Street, Petersburg City, VA	US	source3	S3-739032775	Chiropractic	1818 Bedford Street, VA, Petersburg City	US	0	hard_negative	32.25806451612904	90.0	similar_address
S1-306591374	Fee Blackrock LLC	113 Foothill Road, Fl 1, Medford, OR	US	source3	S3-826872450	Fee Blackrock Corp	124 Foothill Road, Fl. 1, Medford, Oregon	US	0	hard_negative	85.71428571428572	85.71428571428572	similar_address
S1-107024510	Jones & Flores Inc	1 Pennsylvania Avenue, Unit A, Camp Hill Borough, PA	US	source3	S3-658424678	Jones & Flores Ltd	8 Pennsylvania Ave, Unit A, Camp Hill Borough, Pennsylvania	US	0	hard_negative	83.33333333333334	84.68468468468468	similar_address
S1-247519242	Rehoboth Power	Image Building, Canning Town, South 24 Parganas, Canning, Parganas South, West Bengal	India	source3	S3-880810003	Rehoboth Electronics LLP	No 81 Image Building, Canning Town, South 24 Parganas, Canning, Parganas South, পশ্চিমবঙ্গ	India	0	hard_negative	57.89473684210527	84.57142857142857	similar_address
S1-791289901	Bhiwadi Entertainment Private Limited	G-276 Industrial Area, Bhiwadi, Alwar, Rajasthan	India	source3	S3-337797906	Bhiwadi Wealth Private Limited	C-33 Riico Industrial Area Bhiwadi, Alwar, Rajasthan, RJ	India	0	hard_negative	80.59701492537313	82.6923076923077	similar_address
S1-382114001	Tera Harms, D.D.S.	1452 Ellsworth Road, Unit 1335, Mesa, AZ	US	source3	S3-363288493	Haloonyx formerly known as Bayard and Williams PC	1452 Ellsworth Road, Unit 527, Mesa, AZ	US	0	hard_negative	26.865671641791046	93.67088607594937	similar_address
S1-390668038	Qualitas Overseas Private Limited	2/546 Viram Khand Gomti Nagar, Lucknow, Uttar Pradesh	India	source3	S3-663961043	Quality Traders Holdings Private	2/124, Viram Khand, Gomti Nagar, Lucknow, UP	India	0	hard_negative	58.46153846153845	82.4742268041237	similar_address
S1-772536519	Real Foundation Private Limited	2/63 Gali No 2 Lalita Park, Laxmi Nagar, East Delhi, Delhi	India	source3	S3-685494790	Real Foundation Trading प्राइवेट लिमिटेड	#2/72 Gali No 2 Lalita Park, Laxmi Nagar, East Delhi, दिल्ली	India	0	hard_negative	53.52112676056338	86.4406779661017	similar_address
S1-149354034	Jaquelin's Transport	9242 Heather Lane, Crandall, TX	US	source3	S3-320410454	Jaquelin's Transport Westgate	9251 Heather Ln, Candall, Texas	US	0	hard_negative	81.63265306122449	80.64516129032258	similar_address
S1-405268933	Montex Hydro Inc	6678 72 Old Rt 36, Riverton, IL	US	source3	S3-436697790	Glyphola Púrpose	6678 135 Old Rt 36, Riverton, Illinois	US	0	hard_negative	25.0	81.15942028985508	similar_address
S1-914301608	Jbn Millsprivate Private Limited	16-2-741/D/2, Asmangadh, Hyderabad, Telangana	India	source3	S3-698240283	Arcveonyla Labs formerly Aditya Builders Private Limited	H. No. 16-2-741/D/51, Asmangadh, Amberpet, Hyderabad, Telangana	India	0	hard_negative	52.27272727272727	81.4814814814815	similar_address
S1-881234858	Carrie A. Johnston, DMD	3710 Goldfield Road, Apache Junction, Unit 585, AZ	US	source3	S3-422773472	Olson, Wárth &	3710 Goldfield Rd, Apache Junction, # 921, Arizona	US	0	hard_negative	27.027027027027028	80.0	similar_address
S1-183397909	Fabtex & Brothers Pvt. Ltd.	1, S.No.1/1, Krishnan Ngr, 2Nd St, Vivekananda Ngr, Ambattur, Tiruvallur, Tamil Nadu	India	source3	S3-709521684	Fabtex & Brothers Infratech  Pvt. Ltd.	14, S.no.1/1, Krishnan Ngr, 2Nd St, Vivekananda Ngr, Ambattur, Tiruvallur, தமிழ்நாடு	India	0	hard_negative	83.07692307692307	86.90476190476191	similar_address
S1-218080906	LDX Logistics Limited	No. 653, 2Nd Cross Hmt Layout, R.T Nagar, Bangalore, Karnataka	India	source3	S3-885924046	Miraevo	No 653/1, 2Nd Cross Hmt Layout, R T Nagar, Bangalore North, Bangalore, KA	India	0	hard_negative	14.28571428571429	80.0	similar_address
S1-952791016	Shore Films-Serilingampally	Flat No.B-12021, Aparna Serene Park, Serilingampally, Hyderabad, Telangana	India	source3	S3-286429483	Shore Films-Serilingampally Pvt Ltd	Door No 0729 Flat No.b-12028, Aparna Serene Park, Serilingampally, Hyderabad, TG	India	0	hard_negative	87.09677419354838	83.11688311688312	similar_address
S1-849345902	Mabry and Sparr Best LLC	557 Woodbury Avenue, Columbus, OH	US	source3	S3-462935616	Mabry and Sparr  Best (Partners)	570 Woodbury Avenue, Columbus Township, Ohio	US	0	hard_negative	75.0	80.51948051948052	similar_address
S1-539862543	Buxbaum's Creative Grading	221 10th Street, Cedar Falls, IA	US	source3	S3-161651186	Buxbaum's Grading North Services	##224 Tenth Street, Cedar Falls, Iowa	US	0	hard_negative	58.62068965517242	81.15942028985508	similar_address
S1-471660864	Secure Prime Agricultural Inc.	3105 Randall Joseph Street, City Of El Paso, TX	US	source3	S3-676893219	Secure Prime Partners Center	3109 Randall Joseph Street, City Of El Paso, Texas	US	0	hard_negative	62.06896551724138	92.78350515463917	similar_address
S1-519487974	Mg (India) Advisory LLP	Siddharth Arcadeopp Holiday Camp Station Rd, Aurangabad, Maharashtra	India	source3	S3-117180775	Mg (India) Advisory Public Limited	No 58 Siddharth Arcadeopp Holiday Camp Station Rd, Aurangabad, MH	India	0	hard_negative	73.6842105263158	87.21804511278195	similar_address
S1-300432360	Anastasia's American Accounting	840 Babylonia Drive, City Of El Paso, TX	US	source3	S3-617117454	Upper Endocrinology Pc	840 Babylonia Dr, City Of El Paso, Texas	US	0	hard_negative	26.415094339622648	90.0	similar_address
