source	source1_entity_id	target_entity_id	country	source1_name	target_name	source1_address	target_address	source1_name_script	target_name_script	source1_address_script	target_address_script	name_ratio	name_token_ratio	name_sort_ratio	address_ratio	address_token_ratio	address_sort_ratio	s1_name_first	target_name_first	s1_name_prefix2	target_name_prefix2	s1_address_number	target_address_number	s1_address_first	target_address_first	name_first_match	name_prefix2_match	address_number_match	address_first_match	source1_address_missing	target_address_missing	either_address_missing	source1_name_token_count	target_name_token_count	source1_address_token_count	target_address_token_count	name_token_count_difference	address_token_count_difference	normalized_name_equal	normalized_address_equal	similarity_category
source2	S1-83679816	S2-779517126	India	Balaji Tech Private Limited	privatetechbalaji.com	Kushalpura, Chanwaji, Jaipur, Rajasthan	CHANWAJI, JAIPUR, Rajasthan, KUSHALPURA	latin	latin	latin	latin	41.67	54.17	54.17	69.44	100.0	100.0	balaji	privatetechbalaji	ba	pr			kushalpura	chanwaji	False	False	False	False	False	False	False	4	2	4	4	2	0	False	False	low_name_high_address
source2	S1-982416165	S2-243763104	India	All Marketing Pvt Ltd	ऑल मार्केटिंग प्रा. लि.	C/O Rajan Singh, Sehramau South, Sadar, Shahjahanpur, Uttar Pradesh	SEHRAMAU SOUTH, C/O RAJAN SINBH, SHAHJAHANPUR, SADAR, Uttar Pradesh	latin	devanagari	latin	latin	14.29	14.29	14.29	69.84	98.41	98.41	all	ऑल	al	ऑल			c	sehramau	False	False	False	False	False	False	False	4	4	10	10	0	0	False	False	low_name_high_address
source2	S1-627999780	S2-357468066	India	Sunrise Infotech Private Limited	సన్‌రైజ్ ఇన్ఫోటెక్ ప్రైవేట్ లిమిటెడ్	Flat No D-5 Sri Harsha Residency, Nagarjuna Street, A, Shok Nagar, Eluru, West Godavari, Andhra Pradesh	BLOCK D-781 FLAT NO D-5 SRI HARSHA RESIDENCY, ELURU, WEST GODAVARI, Andhra Pradesh	latin	other	latin	latin	8.82	8.82	8.82	76.14	93.06	77.27	sunrise	సన్	su	సన	5	781	d	block	False	False	False	False	False	False	False	4	5	17	15	1	2	False	False	low_name_high_address
source2	S1-796421498	S2-216890887	India	Creative Projects Limited	क्रिएटिव प्रोजेक्ट्स लिमिटेड	12Thfloor, C, 1204, Roya Oasis, Jankalyan Nagarmalvani, Nr Billabong School, Malad W, Mumbai, Mumbai City, Maharashtra	Maharashtra, MUMBAI, C, 1204, ROYA OASIS, JANKALYAN NAGARMALVANI, NR BILLABONG SCHOOL, MALAD W, MUMBAI CITY, 12THFLOOR	latin	devanagari	latin	latin	7.55	7.55	7.55	78.9	100.0	100.0	creative	क्रिएटिव	cr	क्	12t	1204	12thfloor	maharashtra	False	False	False	False	False	False	False	3	3	16	16	0	0	False	False	low_name_high_address
source2	S1-1838589	S2-302601328	India	Blue Solutions	ब्लू सॉल्यूशंस	Plot No. 432, R No. 8, Gayatri Chs Ltd., Sec 4, Near Saraswat Bank, Kandivali, Kandivali West, Mumbai, Maharashtra	#43, KANDIVALI WEST, Maharashtra, R NO. 8, GAYATRI CHS LTD., SEC 4, NEAR SARASWAT BANK, KANDIVALI, NULL	latin	devanagari	latin	latin	7.14	7.14	7.14	65.64	94.87	92.31	blue	ब्लू	bl	ब्	432	43	r	kandivali	False	False	False	False	False	False	False	2	2	19	17	0	2	False	False	low_name_high_address
source2	S1-382861164	S2-676596968	India	Fortune Finance Private Limited	Private Fortune Finance Limited	Rs No 226, Flat No C-808 Anantpuram Appart Bapat Camp, Kolhapur, Maharashtra	FLAT NO C-808 ANANTPURAM APPART BAPAT CAMP, RS NO D/226, KOLHAPUR, Maharashtra	latin	latin	latin	latin	74.19	100.0	100.0	85.14	100.0	98.65	fortune	private	fo	pr	226	808	rs	c	False	False	False	False	False	False	False	4	4	13	14	0	1	False	False	mixed_similarity
source2	S1-91646506	S2-509013322	India	Eastern Constructions Private Limited	ஈஸ்டர்ன் கன்ஸ்ட்ரக்ஷன்ஸ் பிரைவேட் லிமிடெட்	Madurai, 36A/12, Tamil Nadu, Khan Palayam, 4Th Street, Madurai North	NO A-445 36A/12, KHAN PALAYAM, 4TH STREET, MADURAI NORTH, MADURAI, Tamil Nadu	latin	other	latin	latin	7.59	7.59	7.59	68.15	100.0	93.33	eastern	ஈஸ்டர்ன்	ea	ஈஸ	36a	445	madurai	a	False	False	False	False	False	False	False	4	4	11	14	0	3	False	False	low_name_high_address
source2	S1-950459000	S2-309113779	India	Creative North Systems Private Limited	ক্রিয়েটিভ নর্থ সিস্টেমস প্রাইভেট লিমিটেড	Howrah, Kolkata, C/O Tamasree Ghosh Nabajiban Colony Bisharpara, West Bengal, Kolkata	C/O TAMASREE GHOSH NABAJIBAN COLONY BISHARPARA, KOLKATA, HOWRAH, West Bengal	latin	other	latin	latin	10.13	10.13	10.13	75.32	100.0	94.81	creative	ক্রিয়েটিভ	cr	ক্			howrah	c	False	False	False	False	False	False	False	5	5	12	11	0	1	False	False	low_name_high_address
source2	S1-126022071	S2-689638893	India	Jay Food Private Limited	ଜୟ ଫୁଡ୍ ପ୍ରାଇଭେଟ୍ ଲିମିଟେଡ୍	Orissa, Jagatsinghpur, Khata No 181 Nimidhi Gate Bazaar Paradeep Garh, C/O Ramesh Ch Nayak P.No 40, Jagatsinghapur	0785 C/O RAMESH CH NAYAK P.NO 40, JAGATSINGHPUR, <NULL>, Odisha, KHATA NO 181 NIMIDHI GATE BAZAAR PARADEEP GARH	latin	other	latin	latin	12.0	12.0	12.0	60.47	90.91	86.51	jay	ଜୟ	ja	ଜୟ	181	785	orissa	c	False	False	False	False	False	False	False	4	4	19	20	0	1	False	False	low_name_high_address
source2	S1-450618700	S2-488046128	India	Silver Consulting Pvt Ltd	சில்வர் கன்சல்டிங் பிரைவேட் லிமிடெட்	8-10/41-42 Elango Nagar 2Nd Street, P N Road, Tiruppur, Coimbatore, Tamil Nadu	TIRUPPUR, தமிழ்நாடு, 9-10/41-42 ELANGO NAGAR 2ND STREET, P N ROAD, COIMBATORE	latin	other	latin	latin	9.84	9.84	9.84	72.11	91.04	84.35	silver	சில்வர்	si	சி	8	9	elango	tiruppur	False	False	False	False	False	False	False	4	4	15	14	0	1	False	False	low_name_high_address
source2	S1-867998778	S2-126598464	India	Premier Sunrise International Private Limited	പ്രീമിയർ സൺറൈസ് ഇന്റർനാഷണൽ പ്രൈവറ്റ് ലിമിറ്റഡ്	House, 40/445, Mamangalam, Palarivattom P.O, Ernakulam, Ernakulam, Kerala	ERNAKULAM, Kerala, HOUSE, ERNAKULAM, N/A	latin	other	latin	latin	8.79	8.79	8.79	50.49	91.67	67.96	premier	പ്രീമിയർ	pr	പ്	40		mamangalam	ernakulam	False	False	False	False	False	False	False	5	5	10	6	0	4	False	False	low_name_high_address
source2	S1-484753372	S2-407233156	India	North Logistics Private Limited	नॉर्थ लॉजिस्टिक्स प्राइवेट लिमिटेड	Ammber Enncllave Bldg No 2B Wing F No 902 Kanchangaon, Thakurli, Thane, Maharashtra	THAKURLI, H.NO 189 AMMBER ENNCLLAVE BLDG NO 2B WING F NO 902 KANCHANGAON, THANE, Maharashtra	latin	devanagari	latin	latin	9.23	9.23	9.23	84.02	100.0	94.67	north	नॉर्थ	no	नॉ	2b	189	ammber	thakurli	False	False	False	False	False	False	False	4	4	13	16	0	3	False	False	low_name_high_address
source2	S1-512287160	S2-34458544	US	Boyle Encore Inc	Encore Boyle Inc	691 Main Street, Unit 1/2, Marion, OH	PMB 2760, OH, 691-D MAIN STREET, MARION	latin	latin	latin	latin	62.5	100.0	100.0	62.86	84.75	77.14	boyle	encore	bo	en	691	2760	main	pmb	False	False	False	False	False	False	False	3	3	8	8	0	0	False	False	mixed_similarity
source2	S1-221941373	S2-971768566	India	South Developers Private Limited	साउथ डेवलपर्स प्राइवेट लिमिटेड	1 Mela Ram Market, 913/17 Chotta Chippiwara Chawri Bazar, Delhi	DELHI, दिल्ली, 913/17 CHOTTA CHIPPIWARA CHAWRI BAZAR, DOOR NO D/1 MELA RAM MARKET	latin	devanagari	latin	mixed_latin_devanagari	9.68	9.68	9.68	64.75	100.0	87.77	south	साउथ	so	सा	1	913	mela	delhi	False	False	False	False	False	False	False	4	4	11	15	0	4	False	False	low_name_high_address
source2	S1-643898887	S2-297738889	US	Taylor Harbor Senior	Harbor Taylor Sendrio	9219 Falls Creek Trail, Albuquerque, NM	ALBUQUERQUE CITY, NM, 8922 FALLS CREEK TRAIL	latin	latin	latin	latin	63.41	92.68	92.68	50.63	92.75	88.61	taylor	harbor	ta	ha	9219	8922	falls	albuquerque	False	False	False	False	False	False	False	3	3	6	7	0	1	False	False	mixed_similarity
source2	S1-632088756	S2-180876391	India	AH Agro Private Limited	Private AH Agro Ltd	Site No. 4, Golden Industrial Layout Kaniyur Village, Coimbatore, Tamil Nadu	HN 109/7 SITE NO. 4, COIMBATORE, Tamil Nadu	latin	latin	latin	latin	52.38	90.48	90.48	57.14	87.32	58.93	ah	private	ah	pr	4	109	site	hn	False	False	False	False	False	False	False	4	4	11	9	0	2	False	False	low_name_high_address
source2	S1-226090714	S2-38619156	India	Star Infra Private Limited	സ്റ്റാർ ഇൻഫ്ര പ്രൈവറ്റ് ലിമിറ്റഡ്	1/440, Vadakkancherry P.O.Trichur Dist, Thalapilly, Thrissur, Kerala	440, THALAPILLY, THRISSUR, Kerala	latin	other	latin	latin	10.17	10.17	10.17	63.83	100.0	63.83	star	സ്റ്റാർ	st	സ്	1	440	vadakkancherry	thalapilly	False	False	False	False	False	False	False	4	4	10	4	0	6	False	False	low_name_high_address
source2	S1-321818285	S2-825953048	India	Planet Traders Limited	Traders Planet Limited	Ankamvetti Kavala, Puthupariyaram P.O, Manakkadu, Thodupuzha, Thodupuzha, Idukki, Kerala	THODUPUZHA, IDUKKI, കേരളം, ANKAMVETTI KAVALA	latin	latin	latin	latin	68.18	100.0	100.0	37.4	92.11	58.54	planet	traders	pl	tr			ankamvetti	thodupuzha	False	False	False	False	False	False	False	3	3	10	5	0	5	False	False	mixed_similarity
source2	S1-726365524	S2-554119899	India	Classic Trading Private Limited	Nexdelta	Office No. 7 & 8, Sector - 2, Plot No. - 2, Phase - Ii, Nerul (West), Navi Mumbai, Thane, Maharashtra	BLOCK D-76 OFFICE NO. 7 & 8, SECTOR - 2, PLOT NO. - 2, PHASE - II, NERUL (WEST), NAVI MUMBAI, THANE, Maharashtra	latin	latin	latin	latin	20.51	25.64	25.64	93.71	100.0	93.71	classic	nexdelta	cl	ne	7	76	office	block	False	False	False	False	False	False	False	4	1	17	20	3	3	False	False	low_name_high_address
source2	S1-661546405	S2-584423858	India	Silver Engineering Private Limited	SÍLVERENGINEERING.COM	Riaz Garden, Old No. 12, New No 29, Kodambakkam High Road, Chennai, Tamil Nadu	HN 7-164 RIAZ GARDEN, OLD NO. 12, NEW NO 29, KODAMBAKKAM HIGH ROAD, CHENNAI, Tamil Nadu	latin	latin	latin	latin	65.45	40.0	40.0	94.12	100.0	94.12	silver	sílverengineering	si	sí	12	7	riaz	hn	False	False	False	False	False	False	False	4	2	14	17	2	3	False	False	mixed_similarity
source2	S1-784144577	S2-989068026	India	Guru Services Private Limited	ಗುರು ಸರ್ವಿಸಸ್ ಪ್ರೈವೇಟ್ ಲಿಮಿಟೆಡ್	18, Ramashree Arcadeii Floor, M.G. Road, Bangalore, Karnataka	BLOCK E-71 18, RAMASHREE ARCADEII FLOOR, M.G. ROAD, BANGALORE, ಕರ್ನಾಟಕ	latin	other	latin	latin	10.0	10.0	10.0	77.69	90.2	76.03	guru	ಗುರು	gu	ಗು	18	71	ramashree	block	False	False	False	False	False	False	False	4	4	9	12	0	3	False	False	low_name_high_address
source2	S1-274659648	S2-772983988	US	Integrated Media Concepts Corp	mediaintegrated.com	Kingsport, 3907 Skyland Drive, TN	390 SKYLAND DR, KINGSPORT, TN	latin	latin	latin	latin	53.06	53.06	53.06	62.07	93.1	93.1	integrated	mediaintegrated	in	me	3907	390	kingsport	skyland	False	False	False	False	False	False	False	4	2	5	5	2	0	False	False	low_name_high_address
source2	S1-856522775	S2-269803983	US	Johnson Smart of Raleigh	Zephwex	Unit 411, NC, 11200 Tidewater Lane, Raleigh	TIDEWATER LANE, RALEIGH, NC	latin	latin	latin	latin	12.9	12.9	12.9	67.69	100.0	76.92	johnson	zephwex	jo	ze	411		nc	tidewater	False	False	False	False	False	False	False	4	1	7	4	3	3	False	False	low_name_high_address
source2	S1-356968386	S2-649333859	India	HGX Market Private Limited	Limited HGX Market Services	Uttar Pradesh, Dharmshala Nawabganj, Bareilly, C/O Surendra Kumar Mo Kaharan Near Babu Ram, Nawabganj	C/O SURENDRA KUMAR MO KAHARAN NEAR BABU RAM, BAREILLY, Uttar Pradesh	latin	latin	latin	latin	56.6	83.02	83.02	57.67	100.0	80.98	hgx	limited	hg	li			uttar	c	False	False	False	False	False	False	False	4	4	15	12	0	3	False	False	low_name_high_address
source2	S1-118502154	S2-576729383	India	North Constructions Private Limited	नॉर्थ कंस्ट्रक्शंस प्राइवेट लिमिटेड	Office No Bw9021, Maharashtra, 9Th Floor, G Block Bharat Diamond Bourse, Bkc, Bandra East, Bandra Suburban, Mumbai	BANDRA SUBURBAN, 9TH FLOOR, G BLOCK BHARAT DIAMOND BOURSE, BKC, BANDRA EAST, MUMBAI, Maharashtra, OFFICE NO BW9021	latin	devanagari	latin	latin	8.57	8.57	8.57	69.16	100.0	100.0	north	नॉर्थ	no	नॉ	9021	9t	office	bandra	False	False	False	False	False	False	False	4	4	17	17	0	0	False	False	low_name_high_address
source2	S1-6196517	S2-965299261	India	Gujarat Logistics Private Limited	குஜராத் லாஜிஸ்டிக்ஸ் பிரைவேட் லிமிடெட்	New No 40, Old No56 3Rd Main Road, Kasthuribai Nagar Adyar, Chennai City Corporation, Chennai, Tamil Nadu	Tamil Nadu, OLD NO56 3RD MAIN ROAD, KASTHURIBAI NAGAR ADYAR, CHENNAI CITY CORPORATION, CHENNAI, 40	latin	other	latin	latin	8.45	8.45	8.45	86.01	100.0	96.37	gujarat	குஜராத்	gu	கு	40	56	new	tamil	False	False	False	False	False	False	False	4	4	17	15	0	2	False	False	low_name_high_address
source2	S1-978632804	S2-913101766	India	Blue Sky Technology LLP	ब्लू स्काई टेक्नोलॉजी एलएलपी	Maharashtra, Mumbai, 2Fl, 288 Tungekar, Th Katariya Rd Matunga W, Fl N 8	FL N 8, 2FL, 288 TUNGEKAR, TH KATARIYA RD MATUNGA W, UBI, MUMBAI, Maharashtra	latin	devanagari	latin	latin	11.76	11.76	11.76	66.67	100.0	97.1	blue	ब्लू	bl	ब्	2f	8	maharashtra	fl	False	False	False	False	False	False	False	4	4	13	14	0	1	False	False	low_name_high_address
source2	S1-726365524	S2-168981801	India	Classic Trading Private Limited	क्लासिक ट्रेडिंग प्राइवेट लिमिटेड	Office No. 7 & 8, Sector - 2, Plot No. - 2, Phase - Ii, Nerul (West), Navi Mumbai, Thane, Maharashtra	BLOCK D-76 OFFICE NO. 7 & 8, SECTOR - 2, PLOT NO. - 2, PHASE - II, NERUL (WEST), NAVI MUMBAI, THANE, Maharashtra	latin	devanagari	latin	latin	9.38	9.38	9.38	93.71	100.0	93.71	classic	क्लासिक	cl	क्	7	76	office	block	False	False	False	False	False	False	False	4	4	17	20	0	3	False	False	low_name_high_address
source2	S1-784144577	S2-248363578	India	Guru Services Private Limited	ಗುರು ಸರ್ವಿಸಸ್ ಪ್ರೈವೇಟ್ ಲಿಮಿಟೆಡ್	18, Ramashree Arcadeii Floor, M.G. Road, Bangalore, Karnataka	Karnataka, RAMASHREE ARCADEII FLOOR, M.G. ROAD, BLOCK E-71 18, BANGALORE	latin	other	latin	latin	10.0	10.0	10.0	71.54	100.0	91.06	guru	ಗುರು	gu	ಗು	18	71	ramashree	karnataka	False	False	False	False	False	False	False	4	4	9	12	0	3	False	False	low_name_high_address
source2	S1-817145938	S2-623383145	India	Mumbai Galvanizing LLP	LLP Mumbai Galsaniznig	Unit No 422, Maharashtra, 4Th Floor, Neelgiri Industrial Estate, 183, Tokershi Jivraj Road, Sewri (West), Mumbai	UNIT NO 6-422, 4TH FLOOR, NEELGIRI INDUSTRIAL ESTATE, 183, TOKERSHI JIVRAJ ROAD, SEWRI (WEST), MUMBAI, NERUL, Maharashtra	latin	latin	latin	latin	72.73	90.91	90.91	85.05	100.0	96.26	mumbai	llp	mu	ll	422	6	maharashtra	neelgiri	False	False	False	False	False	False	False	3	3	16	18	0	2	False	False	mixed_similarity
source2	S1-448291320	S2-302323060	US	Ledyne Freight LLC	LLC Ledyne Freight	Accokeek, MD, 16309 Tortola Drive	TORTOLA DRIVE, ACCOKEEK, MD	latin	latin	latin	latin	77.78	100.0	100.0	46.43	100.0	89.29	ledyne	llc	le	ll	16309		accokeek	tortola	False	False	False	False	False	False	False	3	3	5	4	0	1	False	False	mixed_similarity
source2	S1-867998778	S2-648058432	India	Premier Sunrise International Private Limited	പ്രീമിയർ സൺറൈസ് ഇന്റർനാഷണൽ പ്രൈവറ്റ് ലിമിറ്റഡ്	House, 40/445, Mamangalam, Palarivattom P.O, Ernakulam, Ernakulam, Kerala	HOUSE, N/A, ERNAKULAM, Kerala	latin	other	latin	latin	8.79	8.79	8.79	55.91	91.67	55.91	premier	പ്രീമിയർ	pr	പ്	40		mamangalam	n	False	False	False	False	False	False	False	5	5	10	5	0	5	False	False	low_name_high_address
source2	S1-660980751	S2-933732670	India	Best International LLP	बेस्ट इंटरनेशनल एलएलपी	Guptabhavan, Plotno.7, Sectorn-7-J, Nearfusecallcentre, Cidco, Aurangabad, Maharashtra	BLOCK A-C-192 GUPTABHAVAN, PLOTNO.7, SECTORN-7-J, NEARFUSECALLCENTRE, CIDCO, AURANGABAD, Maharashtra	latin	devanagari	latin	latin	9.09	9.09	9.09	91.95	100.0	91.95	best	बेस्ट	be	बे	7	192	guptabhavan	block	False	False	False	False	False	False	False	3	3	10	14	0	4	False	False	low_name_high_address
source2	S1-970563629	S2-190885081	India	Seven Marketing Private Limited	सेवन मार्केटिंग प्राइवेट लिमिटेड	New Delhi, Delhi, New Delhi, B.D. Chambers, 10/54, Desh Bandhu Road, Karol Bagh, No. 209	#209, B.D. CHAMBERS, 10/54, DESH BANDHU ROAD, KAROL BAGH, NEW DELHI, CENTRAL DELHI, Delhi	latin	devanagari	latin	latin	9.52	9.52	9.52	62.89	97.56	90.57	seven	सेवन	se	से	10	209	new	b	False	False	False	False	False	False	False	4	4	17	16	0	1	False	False	low_name_high_address
source2	S1-869738580	S2-188981984	US	Reliable Esports Inc	ONYXLYRA	204 Branch Road, Thomaston, CT	THOMASTON, CT, 206 BRANCH RD	latin	latin	latin	latin	14.29	28.57	28.57	44.44	92.59	92.59	reliable	onyxlyra	re	on	204	206	branch	thomaston	False	False	False	False	False	False	False	3	1	5	5	2	0	False	False	low_name_high_address
source2	S1-808229884	S2-240844966	US	Superior Islands Co	Co Superior Islands	Harriman, 144 Foster Avenue, TN	FOSTER AVE, HARRIMAN, TN	latin	latin	latin	latin	84.21	100.0	100.0	54.9	90.0	86.27	superior	co	su	co	144		harriman	foster	False	False	False	False	False	False	False	3	3	5	4	0	1	False	False	mixed_similarity
source2	S1-47313775	S2-465157439	India	Bright Exports Pvt Ltd	ब्राइट एक्सपोर्ट्स प्रा. लि.	Bhawanimandi, Jhalawar, Pachpahar Road, Rajasthan	PACHPAHAR ROAD, BHAWANIMANDI, JHALAWAR, Rajasthan	latin	devanagari	latin	latin	12.5	12.5	12.5	67.39	100.0	100.0	bright	ब्राइट	br	ब्			bhawanimandi	pachpahar	False	False	False	False	False	False	False	4	4	5	5	0	0	False	False	low_name_high_address
source2	S1-662088078	S2-180190676	US	Farica Parra Secure Fidelity Corp	Parra, Farica Secure Fidelity Corp	Merced, CA, 1031 Yosemite Avenue, Unit 1	YOSEMITE AVE, MERCEED, CA	latin	latin	latin	latin	84.85	100.0	100.0	46.67	73.33	73.33	farica	parra	fa	pa	1031		merced	yosemite	False	False	False	False	False	False	False	5	5	7	4	0	3	False	False	mixed_similarity
source2	S1-928345802	S2-509634775	India	High Energy Pvt Ltd	हाई एनर्जी प्रा. लि.	H.No-292, Takli (A) Tq.Paithan, Aurangabad, Maharashtra	H.NO-492, AURANGABAD, Maharashtra, AURANGABAD	latin	devanagari	latin	latin	16.22	16.22	16.22	65.22	93.1	69.57	high	हाई	hi	हा	292	492	takli	aurangabad	False	False	False	False	False	False	False	4	4	9	6	0	3	False	False	low_name_high_address
source2	S1-518839389	S2-763006226	US	Signature Harbor Lake LLC	LLC Signature Harbor Lanei	148 3rd Street, Fort Worth, TX	48 3ND STREET, TX, FORT WORTH	latin	latin	latin	latin	78.43	94.12	94.12	83.64	85.11	83.64	signature	llc	si	ll	148	48	3rd	3nd	False	False	False	False	False	False	False	4	4	6	6	0	0	False	False	mixed_similarity
source2	S1-691616670	S2-229208967	India	Bharat Management	ভারত ম্যানেজমেন্ট	Santosh Roy Road Lp-41/4/6, South 24 Parganas, Kolkata, 230/4, West Bengal, Parganas South	230/4, KOLKATA, PARGANAS SOUTH, West Bengal	latin	other	latin	latin	5.88	5.88	5.88	46.4	100.0	64.0	bharat	ভারত	bh	ভা	41	230	santosh	kolkata	False	False	False	False	False	False	False	2	2	17	7	0	10	False	False	low_name_high_address
source2	S1-644155092	S2-774543773	US	Arts Ministries P.C.	P.C. ARTS MINISTRIES	Galena, OH, 5790 Hughes Road	Hughes Rd, GALENA, OH	latin	latin	latin	latin	78.95	100.0	100.0	40.0	91.43	84.44	arts	p	ar	pc	5790		galena	hughes	False	False	False	False	False	False	False	4	4	5	4	0	1	False	False	mixed_similarity
source2	S1-203955016	S2-242114245	India	Green Infra Private Limited	ग्रीन इंफ्रा प्राइवेट लिमिटेड	Bhaiyasaheb Ambedkar Naga, R, Ot Section, Kalyan, Thane, Maharashtra	KALYAN, HN 534 BHAIYASAHEB AMBEDKAR NAGA, THANE, Maharashtra	latin	devanagari	latin	latin	10.71	10.71	10.71	71.67	93.46	83.33	green	ग्रीन	gr	ग्		534	bhaiyasaheb	kalyan	False	False	False	False	False	False	False	4	4	9	8	0	1	False	False	low_name_high_address
source2	S1-854477765	S2-35929414	US	Harris and Pulley King Inc	King Harris and Pulley Inc	1012 Hayes Street, Fairfield, CA	FAIRFIELD ICTY, CA, PMB 1583, 1012 HAYES ST	latin	latin	latin	latin	80.77	100.0	100.0	37.14	86.79	74.29	harris	king	ha	ki	1012	1583	hayes	fairfield	False	False	False	False	False	False	False	5	5	5	8	0	3	False	False	mixed_similarity
source2	S1-345575972	S2-93453226	India	Shivam Solutions LLP	శివం సొల్యూషన్స్ ఎల్‌ఎల్‌పీ	Rangareddy, Telangana, Syno. 177, Puppalaguda, Gandipet Mandal	SYNO. 77, RANGAREDDY, Telangana	latin	other	latin	latin	8.51	9.3	8.51	47.06	94.34	65.88	shivam	శివం	sh	శి	177	77	rangareddy	syno	False	False	False	False	False	False	False	3	5	7	4	2	3	False	False	low_name_high_address
source2	S1-660980751	S2-730801105	India	Best International LLP	बेस्ट इंटरनेशनल एलएलपी	Guptabhavan, Plotno.7, Sectorn-7-J, Nearfusecallcentre, Cidco, Aurangabad, Maharashtra	BLOCK A-C-192 GUPTABHAVAN, AURANGABAD, Maharashtra, PLOTNO.7, SECTORN-7-J, NEARFUSECALLCENTRE, CIDCO	latin	devanagari	latin	latin	9.09	9.09	9.09	65.52	100.0	91.95	best	बेस्ट	be	बे	7	192	guptabhavan	block	False	False	False	False	False	False	False	3	3	10	14	0	4	False	False	low_name_high_address
source2	S1-904113010	S2-145026357	India	Navkar Tours LLP	L.L.P. NAVKAR TOURS	Plot No-11 Avanti Vihar, Lucknow, Uttar Pradesh	HN 123 PAOT NO-11 AVANTI VIHAR, LUCKNOW, उत्तर प्रदेश	latin	latin	latin	mixed_latin_devanagari	70.59	93.75	88.24	66.67	73.24	62.5	navkar	l	na	ll	11	123	avanti	hn	False	False	False	False	False	False	False	3	5	8	10	2	2	False	False	mixed_similarity
source2	S1-555331810	S2-927687234	India	Alpha Tech Private Limited	ఆల్ఫా టెక్ ప్రైవేట్ లిమిటెడ్	Sy No. 449/E, Dommara Pochampally Medchal-Malkajgiri District, Hyderabad, Telangana	HYDERABAD, Telangana, SY NO. 4-49/E	latin	other	latin	latin	11.11	11.11	11.11	34.23	91.53	55.86	alpha	ఆల్ఫా	al	ఆల	449	4	sy	hyderabad	False	False	False	False	False	False	False	4	4	11	7	0	4	False	False	low_name_high_address
source2	S1-928345802	S2-527670990	India	High Energy Pvt Ltd	हाई एनर्जी प्रा. लि.	H.No-292, Takli (A) Tq.Paithan, Aurangabad, Maharashtra	Maharashtra, AURANGABAD, H.NO-492, AURANGABAD	latin	devanagari	latin	latin	16.22	16.22	16.22	47.83	93.1	69.57	high	हाई	hi	हा	292	492	takli	maharashtra	False	False	False	False	False	False	False	4	4	9	6	0	3	False	False	low_name_high_address
source2	S1-303213003	S2-936287283	US	Volk First Labs, LLC	LLC Volk First Lnrdb,s	2610 29th Place, Tulsa, OK	TULSA, 261 29TH PLACE, OK	latin	latin	latin	latin	68.29	87.8	68.29	72.34	97.87	97.87	volk	llc	vo	ll	2610	261	29th	tulsa	False	False	False	False	False	False	False	4	5	5	5	1	0	False	False	mixed_similarity
source2	S1-958016851	S2-765180306	India	Creative Infra Private Limited	Private Creative Infra Ltd	D-301, Plot No.1, Om Satyam Apartment Sector-Iv, Dwarka, New Delhi, West Delhi, Delhi	PLOT NO.1, OM SATYAM APARTMENT SECTOR-IV, DWARKA, NEW DELHI, D-301, दिल्ली, WEST DELHI	latin	latin	latin	mixed_latin_devanagari	64.29	92.86	92.86	84.28	100.0	91.82	creative	private	cr	pr	301	1	d	om	False	False	False	False	False	False	False	4	4	16	16	0	0	False	False	mixed_similarity
source2	S1-363881648	S2-22664626	India	Creative Investment Private Limited	ক্রিয়েটিভ ইনভেস্টমেন্ট প্রাইভেট লিমিটেড	West Bengal, South 24 Parganas, Dhapa, Sector-A, Metropolitan Co-Operative Housing Society Limited, Police Station- Pragati Maidan, Canal South Road, Kolkata, P-68	P-68, SECTOR-A, METROPOLITAN CO-OPERATIVE HOUSING SOCIETY LIMITED, POLICE STATION- PRAGATI MAIDAN, CANAL SOUTH ROAD, KOLKATA, SOUTH 24 PARGANAS, DHAPA, পশ্চিমবঙ্গ	latin	other	latin	latin	8.0	8.0	8.0	77.52	96.11	93.16	creative	ক্রিয়েটিভ	cr	ক্	24	68	west	p	False	False	False	False	False	False	False	4	4	24	23	0	1	False	False	low_name_high_address
source2	S1-446225826	S2-207294263	US	Dynamic Trusted Software Inc	INC DYNAMIC TRUSTED SOFTWARE	City Of El Paso, 925 Broadmoor Drive, TX	BROADMOOR DR, CITY OF EL PASO, TX	latin	latin	latin	latin	85.71	100.0	100.0	52.17	94.92	89.86	dynamic	inc	dy	in	925		city	broadmoor	False	False	False	False	False	False	False	4	4	8	7	0	1	False	False	high_name_high_address
source2	S1-394705639	S2-135005185	India	Shiva Logistics Private Limited	ಶಿವ ಲಾಜಿಸ್ಟಿಕ್ಸ್ ಪ್ರೈವೇಟ್ ಲಿಮಿಟೆಡ್	Neev Aura, Level 3, 19Th Main, Sector 3, Hsr Layout, 7/A, Bangalore, Karnataka, Bangalore	7/A, BANGALORE, Karnataka	latin	other	latin	latin	9.23	9.23	9.23	44.23	100.0	44.23	shiva	ಶಿವ	sh	ಶಿ	3	7	neev	a	False	False	False	False	False	False	False	4	4	15	4	0	11	False	False	low_name_high_address
source2	S1-663565958	S2-395479629	India	Hari Enterprises Private Limited	ਹਰੀ ਐਂਟਰਪ੍ਰਾਈਜ਼ਿਜ਼ ਪ੍ਰਾਈਵੇਟ ਲਿਮਟਿਡ	C/O Pooja, Padda Colony, Lohian Khas, Sultanpur, Jalandhar, Punjab	PADDA COLONY, LOHIAN KHAS, DOOR NO 500 C/O POOJA, ਪੰਜਾਬ, JALANDHAR, SULTANPUR	latin	other	latin	latin	9.09	9.09	9.09	60.15	93.91	81.2	hari	ਹਰੀ	ha	ਹਰ		500	c	padda	False	False	False	False	False	False	False	4	4	10	13	0	3	False	False	low_name_high_address
source3	S1-963433189	S3-434848749	India	Paper (india) Private Limited	Private Paper (india) Ltd	Chamorshi, At-Jogana, Po-Murmuri, Gadchiroli, C/O Suresh Jengathe, Maharashtra	C/o Suresh Jengathe, Gadchiroli, महाराष्ट्र	latin	latin	latin	mixed_latin_devanagari	60.0	92.0	92.0	40.35	84.51	52.63	paper	private	pa	pr			chamorshi	c	False	False	False	False	False	False	False	4	4	11	6	0	5	False	False	mixed_similarity
source3	S1-650414540	S3-554329044	India	Sky Marketing Private Limited	स्काई मार्केटिंग प्राइवेट लिमिटेड	Florentine Villa No 5, S No 60A/2/1B Cts Ghorpadi, Pune City, Pune, Maharashtra	Pune City, Pune, S No 60A/2/1B Cts Ghorpadi, Florentine Villa No 5, MH	latin	devanagari	latin	latin	9.68	9.68	9.68	60.99	97.35	93.62	sky	स्काई	sk	स्	5	60a	florentine	pune	False	False	False	False	False	False	False	4	4	15	15	0	0	False	False	low_name_high_address
source3	S1-91376895	S3-900851657	India	Hyderabad Cuisine Private Limited	Private Hyderabad Cuisine Ltd	Flat No. 101, Vamsiram'S Jyothi Vista Road No.5, Banjara Hills, Hyderabad, Telangana	Hyderabad, TG, 26, Hyderabad	latin	latin	latin	latin	67.74	93.55	93.55	30.77	75.0	34.62	hyderabad	private	hy	pr	101	26	vamsiram	hyderabad	False	False	False	False	False	False	False	4	4	14	4	0	10	False	False	mixed_similarity
source3	S1-970563629	S3-544181169	India	Seven Marketing Private Limited	Pyrabrix	New Delhi, Delhi, New Delhi, B.D. Chambers, 10/54, Desh Bandhu Road, Karol Bagh, No. 209	No. 209, B.D. Chambers, 10/54, Desh Bandhu Road, Karol Bagh, New Delhi, Delhi	latin	latin	latin	latin	20.51	15.38	15.38	70.27	100.0	93.24	seven	pyrabrix	se	py	10	209	new	b	False	False	False	False	False	False	False	4	1	17	15	3	2	False	False	low_name_high_address
source3	S1-927513065	S3-555185069	India	Bhubaneswar Network Private Limited	Private Bhubaneswar Netwok Limited	Plot No. - 590, Keutasahi Chhak, Kapileswar Old Town, Bhubaneswar, Dist - Khurda, Od, Isha, Bhubaneswar, Khordha, Orissa	Plot No. - 5-90, Khordha, ଓଡ଼ିଶା	latin	latin	latin	latin	75.36	98.55	98.55	30.08	71.43	30.08	bhubaneswar	private	bh	pr	590	5	keutasahi	khordha	False	False	False	False	False	False	False	4	4	16	6	0	10	False	False	mixed_similarity
source3	S1-133479118	S3-709185163	India	Blue Construction LLP	ब्लू कंस्ट्रक्शन LLP	Delhi, C Block Yamuna Vihar, C-6/298, North East	Hn 204 C-6/298, C Block Yamuna Vihar, Delhi, North East, दिल्ली	latin	mixed_latin_devanagari	latin	mixed_latin_devanagari	24.39	26.09	14.63	65.38	100.0	86.54	blue	ब्लू	bl	ब्	6	204	delhi	hn	False	False	False	False	False	False	False	3	3	10	13	0	3	False	False	low_name_high_address
source3	S1-394064735	S3-336256833	India	Bagwe Wafers Private Limited	Sri Aviveramira	Sno 672/3A State Bank Hsg, Socy Shop N0.4 Bibawewadi, Pune City, Pune, Maharashtra	Socy Shop N0.4 Bibawewadi, MH, Pune, Pune City, Sno D/672/3a State Bank Hsg	latin	latin	latin	latin	32.56	37.21	37.21	56.38	96.06	92.62	bagwe	aviveramira	ba	av	672	0	sno	socy	False	False	False	False	False	False	False	4	2	15	16	2	1	False	False	low_name_high_address
source3	S1-157731220	S3-34073840	US	AW Superior Rogers LLC	LLC AW Superi0r Rogers	IN, Unit APT 12, Indianapolis, 1991 Campbell Avenue	1991 Campbell Avenue, # APT 12, Indianapolis, Indiana	latin	latin	latin	latin	77.27	95.45	95.45	52.08	91.67	89.58	aw	llc	aw	ll	12	1991	in	campbell	False	False	False	False	False	False	False	4	4	8	7	0	1	False	False	mixed_similarity
source3	S1-311387663	S3-101847360	India	Sadashiv Creations Private Limited	5ádashivcreations.Com	1203, Times Square Arcade, Opp. Rambaug, Nr, Ravija Plaza, Thaltej-Shilaj Road, Tha, Ltej, Ahmedabad, Gujarat	B3/1203, Times Square Arcade, Opp. Rambaug, Nr, Ravija Plaza, Thaltej-shilaj Road, Tha, Ltej, Ahmedabad, GJ	latin	latin	latin	latin	61.82	40.0	40.0	95.92	96.81	95.92	sadashiv	5ádashivcreations	sa	5á	1203	3	times	b3	False	False	False	False	False	False	False	4	2	16	17	2	1	False	False	mixed_similarity
source3	S1-285451793	S3-120585447	India	Constellation Earthmovers Limited	Earthmovers Constellation Limited	Mahua, Vaishali, Vill- Mahua Singh Rae, Tola-Mahua Singh Rae Post- Mahua, Ps-Mahua, Bihar	Vill- Mahua Snigh Rae, Tola-mahua Singh Rae Post- Mahua, Ps-mahua, Mahua, BR	latin	latin	latin	latin	63.64	100.0	100.0	84.21	88.0	90.79	constellation	earthmovers	co	ea			mahua	vill	False	False	False	False	False	False	False	3	3	15	14	0	1	False	False	mixed_similarity
source3	S1-341475409	S3-589832210	India	India Newleaf Energies Private Limited	Private India Nwleaf Energies Limited	Vasai, Ground Floor, Shubham Industrial Building No.2 Dhumal Nagar Vasai East, Maharashtra, Thane, Office Gala No.1	#0969 Office Gala No.1, Ground Floor, Shubham Industrial Building No.2 Dhumal Nagar Vasai East, Thane, Vasai, MH	latin	latin	latin	latin	77.33	98.67	98.67	75.93	95.7	93.52	india	private	in	pr	2	969	vasai	office	False	False	False	False	False	False	False	5	5	18	19	0	1	False	False	mixed_similarity
source3	S1-797453242	S3-865263494	India	Chamundeshwari & Sons Limited	Limited Chamundeshwari & Sons	Shop No. 2, 2Nd Floor, Jagdamba Palace Near Gurgaon Dreamz Mall, Old Railway Ro, Ad, Gurugram, Gurgaon, Haryana	1, 2Nd Floor, Jagdamba Palace Near Gurgaon Dreamz Mall, Old Railway Ro, Ad, Gurgaon, Gurugram, HR	latin	latin	latin	latin	70.37	100.0	100.0	87.05	96.86	92.23	chamundeshwari	limited	ch	li	2	1	shop	jagdamba	False	False	False	False	False	False	False	3	3	18	16	0	2	False	False	mixed_similarity
source3	S1-91646506	S3-186651762	India	Eastern Constructions Private Limited	ஈஸ்டர்ன் கன்ஸ்ட்ரக்ஷன்ஸ் பிரைவேட் லிமிடெட்	Madurai, 36A/12, Tamil Nadu, Khan Palayam, 4Th Street, Madurai North	Khan Palayam, 4Th Street, Madurai North, #36A/12, TN, Madurai	latin	other	latin	latin	7.59	7.59	7.59	62.71	96.7	91.53	eastern	ஈஸ்டர்ன்	ea	ஈஸ	36a	4t	madurai	khan	False	False	False	False	False	False	False	4	4	11	10	0	1	False	False	low_name_high_address
source3	S1-630257849	S3-130399752	India	Consulting Cristal Agro Private Limited	Pyrafluxwex	Medicine Tower 1St Floor Near Sajjad Nursing Home Hamidia Road, Bhopal, Madhya Pradesh	Block C-676 Medicine Tower 1St Floor Near Sajjad Nursing Home Hamidia Road, Bhopal, MP	latin	latin	latin	latin	20.0	16.0	16.0	85.71	90.2	82.14	consulting	pyrafluxwex	co	py	1s	676	medicine	block	False	False	False	False	False	False	False	5	1	13	15	4	2	False	False	low_name_high_address
source3	S1-653766547	S3-331717660	India	East Energy Private Limited	Private East Energy [Limited]	1St Flr, 891, Savalanga Rd, Lal Bahadur Shastri Ngr, Shimoga, Karnataka	Flr, 891, Savalanga Rd, Lal Bahadur Shastri Ngr, Shimoga, KA	latin	latin	latin	latin	70.37	100.0	100.0	90.91	97.2	90.91	east	private	ea	pr	1s	891	1st	flr	False	False	False	False	False	False	False	4	4	11	10	0	1	False	False	mixed_similarity
source3	S1-950459000	S3-47277660	India	Creative North Systems Private Limited	Viodovavantage doing business as Creative North Systems Private Limited	Howrah, Kolkata, C/O Tamasree Ghosh Nabajiban Colony Bisharpara, West Bengal, Kolkata	C/O Tamasree Ghosh Nabajiban Colony Bisharpara, Kolkata, Howrah, West Bengal	latin	latin	latin	latin	69.72	100.0	69.72	75.32	100.0	94.81	creative	viodovavantage	cr	vi			howrah	c	False	False	False	False	False	False	False	5	9	12	11	4	1	False	False	mixed_similarity
source3	S1-91646506	S3-881324999	India	Eastern Constructions Private Limited	ஈஸ்டர்ன் கன்ஸ்ட்ரக்ஷன்ஸ் பிரைவேட் லிமிடெட்	Madurai, 36A/12, Tamil Nadu, Khan Palayam, 4Th Street, Madurai North	Khan Palayam, 4Th Street, TN, Madurai, Madurai North, #36A/12	latin	other	latin	latin	7.59	7.59	7.59	62.71	96.7	91.53	eastern	ஈஸ்டர்ன்	ea	ஈஸ	36a	4t	madurai	khan	False	False	False	False	False	False	False	4	4	11	10	0	1	False	False	low_name_high_address
source3	S1-133479118	S3-493415409	India	Blue Construction LLP	ब्लू कंस्ट्रक्शन एलएलपी	Delhi, C Block Yamuna Vihar, C-6/298, North East	Hn 204 C-6/298, C Block Yamuna Vihar, Delhi, North East, दिल्ली	latin	devanagari	latin	mixed_latin_devanagari	9.09	9.09	9.09	65.38	100.0	86.54	blue	ब्लू	bl	ब्	6	204	delhi	hn	False	False	False	False	False	False	False	3	3	10	13	0	3	False	False	low_name_high_address
source3	S1-356968386	S3-612363361	India	HGX Market Private Limited	Private HGX Market [Ltd]	Uttar Pradesh, Dharmshala Nawabganj, Bareilly, C/O Surendra Kumar Mo Kaharan Near Babu Ram, Nawabganj	Bareilly, UP, C/o Surendra Kumar Mo Kaharan Near Babu Ram	latin	latin	latin	latin	58.33	91.67	91.67	68.42	97.2	71.05	hgx	private	hg	pr			uttar	bareilly	False	False	False	False	False	False	False	4	4	15	11	0	4	False	False	low_name_high_address
source3	S1-431442616	S3-598348652	India	Om Consultants Private Limited	ॐ कंसल्टेंट्स प्राइवेट लिमिटेड	Thane, Office No. A1 & B1, Maharashtra, 9Th Floor, Ashar It Park, 16Z, Wagle Industrial Estate, Thane	MH, Thane, 9Th Floor, Ashar It Park, 16Z, Wagle Industrial Estate, Office No. A1 & B1, Thane	latin	devanagari	latin	latin	10.0	10.0	10.0	72.83	97.99	94.8	om	ॐ	om	ॐक	1	9t	thane	mh	False	False	False	False	False	False	False	4	4	16	16	0	0	False	False	low_name_high_address
source3	S1-797453242	S3-276412206	India	Chamundeshwari & Sons Limited	Dovacalo t/a Chamundeshwari & Sons Limited	Shop No. 2, 2Nd Floor, Jagdamba Palace Near Gurgaon Dreamz Mall, Old Railway Ro, Ad, Gurugram, Gurgaon, Haryana	Gurugram, Haryana, 2Nd Floor, Jagdamba Palace Near Gurgaon Dreamz Mall, Old Railway Ro, Ad, Gurgaon, Shop No. 2	latin	latin	latin	latin	80.6	100.0	80.6	79.61	100.0	100.0	chamundeshwari	dovacalo	ch	do	2	2n	shop	gurugram	False	False	False	False	False	False	False	3	6	18	18	3	0	False	False	mixed_similarity
source3	S1-126022071	S3-41744905	India	Jay Food Private Limited	ଜୟ ଫୁଡ୍ ପ୍ରାଇଭେଟ୍ ଲିମିଟେଡ୍	Orissa, Jagatsinghpur, Khata No 181 Nimidhi Gate Bazaar Paradeep Garh, C/O Ramesh Ch Nayak P.No 40, Jagatsinghapur	No. D/125 C/o Rameh Ch Nayak P.no 40, Khata No 181 Nimidhi Gate Bazaar Paradeep Garh, Jagatsinghapur, Jagatsinghpur, Orissa	latin	other	latin	latin	12.0	12.0	12.0	64.91	96.8	95.61	jay	ଜୟ	ja	ଜୟ	181	125	orissa	d	False	False	False	False	False	False	False	4	4	19	22	0	3	False	False	low_name_high_address
source3	S1-970563629	S3-898975774	India	Seven Marketing Private Limited	सेवन मार्केटिंग प्राइवेट लिमिटेड	New Delhi, Delhi, New Delhi, B.D. Chambers, 10/54, Desh Bandhu Road, Karol Bagh, No. 209	No 209, B.d. Chambers, 10/54, Desh Bandhu Road, Karol Bagh, New Delhi, दिल्ली	latin	devanagari	latin	mixed_latin_devanagari	9.52	9.52	9.52	69.8	100.0	84.56	seven	सेवन	se	से	10	209	new	b	False	False	False	False	False	False	False	4	4	17	15	0	2	False	False	low_name_high_address
source3	S1-430980477	S3-689660602	India	International Infra Private Limited	Pvriate International Infra Limited	No. 61, Whitefield Road, Mahadevapura, Bangalore, Karnataka	No. 6-1, Bangalore, KA	latin	latin	latin	latin	77.14	97.14	97.14	49.32	77.42	46.58	international	pvriate	in	pv	61	6	whitefield	bangalore	False	False	False	False	False	False	False	4	4	7	5	0	2	False	False	mixed_similarity
source3	S1-666365068	S3-791060436	India	Gajanan Films Corporation	6ajanan Corporation Films	Muktsar, Gidderbaha, T H G Marketing Private Limited Opposite Municipal Park Road, Punjab	T H G Marketing Private Limited Opposite Municipal Park Road, Muktsar, Gidderbaha, PB	latin	latin	latin	latin	72.0	96.0	68.0	76.19	98.14	94.05	gajanan	6ajanan	ga	6a			muktsar	t	False	False	False	False	False	False	False	3	3	13	13	0	0	False	False	mixed_similarity
source3	S1-274659648	S3-304749447	US	Integrated Media Concepts Corp	Corp Integrated Mcedaf Cóncepts	Kingsport, 3907 Skyland Drive, TN	390 Skyland Drive, Kingsport, Tennessee	latin	latin	latin	latin	75.41	91.8	78.69	58.82	88.24	88.24	integrated	corp	in	co	3907	390	kingsport	skyland	False	False	False	False	False	False	False	4	4	5	5	0	0	False	False	mixed_similarity
source3	S1-12240557	S3-454073329	India	Lakshmi Developers	లక్ష్మీ డెవలపర్స్	12Thfloor, Manjeeratrinity, Jntu-Hitechcityroad, Kphb, Tirumalagiri, Hyderabad, Telangana	1-2Thfloor, Manjeeratrinity, Jntu-hitechcityroad, Kphb, Tirumalagiri, Hyderabad, TG	latin	other	latin	latin	5.71	5.71	5.71	95.0	95.0	95.0	lakshmi	లక్ష్మీ	la	లక	12t	1	12thfloor	2thfloor	False	False	False	False	False	False	False	2	2	8	9	0	1	False	False	low_name_high_address
source3	S1-524840144	S3-146689487	India	Rangareddy Exports Limited	Exports	Flat No.69, 231, Part 316, Diamond Road, Nallagandla, Gopannapalli, Sherrlingampa, Lli, Rangareddy, Hyderabad, Telangana	Rangareddy, 231, Part 316, Diamond Road, Nallagandla, Gopannapalli, Sherrlingampa, Lli, Hyderabad, Flat No.69, Telangana	latin	latin	latin	latin	42.42	100.0	42.42	82.73	100.0	100.0	rangareddy	exports	ra	ex	69	231	part	rangareddy	False	False	False	False	False	False	False	3	1	15	15	2	0	False	False	low_name_high_address
source3	S1-182472925	S3-725129384	India	Charu Brew Private Limited	Smt cbprivate.com	P.No.917A, Sf.No.247/2, 6Th West Cross Road, Gandhi Nagar, Katpadi Urban Extn, Vellore, Tamil Nadu	Block G-526/1 P.no.917a, Sf.no.247/2, 6Th West Cross Road, Gandhi Nagar, Katpadi Urban Extn, Vellore, TN	latin	latin	latin	latin	51.16	37.21	37.21	88.42	93.41	87.37	charu	cbprivate	ch	cb	917a	526	p	block	False	False	False	False	False	False	False	4	3	19	22	1	3	False	False	low_name_high_address
source3	S1-958016851	S3-222487454	India	Creative Infra Private Limited	क्रिएटिव इंफ्रा प्राइवेट लिमिटेड	D-301, Plot No.1, Om Satyam Apartment Sector-Iv, Dwarka, New Delhi, West Delhi, Delhi	Block A-818 D-301, Plot No.1, Om Satyam Apartment Sector-iv, Dwarka, New Delhi, West Delhi, दिल्ली	latin	devanagari	latin	mixed_latin_devanagari	9.68	9.68	9.68	86.55	100.0	86.55	creative	क्रिएटिव	cr	क्	301	818	d	block	False	False	False	False	False	False	False	4	4	16	19	0	3	False	False	low_name_high_address
source3	S1-976485117	S3-300802275	India	Allied Healthcare	Quoveo	City Sr No 170 Word No 1, Plot 255-256/B, Bhavnagar, Gujarat	Plot 255-256/B, Bhavnagar, City Sr No 170 Word No 1, Gujarat, Bhavnagar	latin	latin	latin	latin	8.7	8.7	8.7	58.06	100.0	91.94	allied	quoveo	al	qu	170	255	city	b	False	False	False	False	False	False	False	2	1	13	14	1	1	False	False	low_name_high_address
source3	S1-505753870	S3-230234288	India	Digital Agro Pvt Ltd	Pvt Digital Ag Ltd	Cts No. 41, Plot No. 14, Shop No. S 11, Swaroop Complex, Karve Road, Pune City, Pune, Maharashtra	Block D-840 Cts No. 41, Pune City, MH	latin	latin	latin	latin	73.68	94.74	94.74	41.32	71.7	41.32	digital	pvt	di	pv	41	840	cts	block	False	False	False	False	False	False	False	4	4	18	9	0	9	False	False	mixed_similarity
source3	S1-589897012	S3-722585203	US	Dugan Rocky Mid	Mirazeta d/b/a Dugan Rocky Mid	941 Hesters Crossing Road, Unit 3306, Round Rock, TX	Unit 3306, TX, Round Rock, 941 Hesters Crossing Road	latin	latin	latin	latin	66.67	100.0	66.67	51.02	100.0	100.0	dugan	mirazeta	du	mi	941	3306	hesters	tx	False	False	False	False	False	False	False	3	7	9	9	4	0	False	False	mixed_similarity
source3	S1-207329319	S3-886772558	US	Dido Johnson Affiliated LLC	Nexflux D.B.A. Dido Johnson Affiliated LLC	12 Meeting House Lane, Unit 204, Scituate, MA	MA, Scituate, Unit 204, 12 Meeting House Lane	latin	latin	latin	latin	79.41	100.0	79.41	50.0	100.0	100.0	dido	nexflux	di	ne	12	204	meeting	ma	False	False	False	False	False	False	False	4	8	8	8	4	0	False	False	mixed_similarity
source3	S1-666365068	S3-64300662	India	Gajanan Films Corporation	Lumhalo	Muktsar, Gidderbaha, T H G Marketing Private Limited Opposite Municipal Park Road, Punjab	T H G Marketing Private Limited Opposite Municipal Park Road, Gidderbaha, Punjab, Muktsar	latin	latin	latin	latin	25.0	18.75	18.75	77.91	100.0	100.0	gajanan	lumhalo	ga	lu			muktsar	t	False	False	False	False	False	False	False	3	1	13	13	2	0	False	False	low_name_high_address
source3	S1-726365524	S3-913119857	India	Classic Trading Private Limited	क्लासिक ट्रेडिंग प्राइवेट लिमिटेड	Office No. 7 & 8, Sector - 2, Plot No. - 2, Phase - Ii, Nerul (West), Navi Mumbai, Thane, Maharashtra	महाराष्ट्र, Sector - 2, Plot No. - 2, Phase - Ii, Nerul (West), Navi Mumbai, Thane, Office No. 7 & 8	latin	devanagari	latin	mixed_latin_devanagari	9.38	9.38	9.38	71.17	92.2	85.89	classic	क्लासिक	cl	क्	7	2	office	महाराष्ट्र	False	False	False	False	False	False	False	4	4	17	17	0	0	False	False	low_name_high_address
source3	S1-98323209	S3-763434414	US	Leonore Reyes Rapid Pampa	Reyes, Le0nore Rapid Pampa	8926 Livenshire Drive, Dallas, TX	Dallas, Texas, 926 Livenshire Drive	latin	latin	latin	latin	72.0	96.0	96.0	62.5	93.75	93.75	leonore	reyes	le	re	8926	926	livenshire	dallas	False	False	False	False	False	False	False	4	4	5	5	0	0	False	False	mixed_similarity
source3	S1-976150307	S3-137263496	India	Baba Shree Developers Limited	பாபா ஸ்ரீ டெவலப்பர்ஸ் லிமிடெட்	New No.278/102, 4Th Floor Peters Road Royapettah, Chennai, Tamil Nadu	4Th Floor Peters Road Royapettah, Chennai, H.no G-278/102, TN	latin	other	latin	latin	10.17	10.17	10.17	69.35	93.58	88.71	baba	பாபா	ba	பா	278	4t	new	peters	False	False	False	False	False	False	False	4	4	12	12	0	0	False	False	low_name_high_address
source3	S1-695606943	S3-552051944	India	All Builders LLP	ऑल बिल्डर्स LLP	205, Flr-2Nd, Plot 66-F, Steel Center, Sant Tukdoji Maharaj Road, Tata Power Carnac Bunder, Ch, Inchbunder, Mumbai, Mumbai City, Maharashtra	Mumbai City, Flr-2nd, Plot 66-F, Steel Center, Sant Tukdoji Maharaj Road, Tata Power Carnac Bunder, Ch, Inchbunder, Mumbai, महाराष्ट्र, 205	latin	mixed_latin_devanagari	latin	mixed_latin_devanagari	32.26	33.33	25.81	81.08	95.28	91.12	all	ऑल	al	ऑल	205	2n	flr	mumbai	False	False	False	False	False	False	False	3	3	22	22	0	0	False	False	low_name_high_address
source3	S1-653766547	S3-149268343	India	East Energy Private Limited	ಈಸ್ಟ್ ಎನರ್ಜಿ ಪ್ರೈವೇಟ್ ಲಿಮಿಟೆಡ್	1St Flr, 891, Savalanga Rd, Lal Bahadur Shastri Ngr, Shimoga, Karnataka	Shimoga, KA, Flr, 891, Savalanga Rd, Lal Bahadur Shastri Ngr	latin	other	latin	latin	10.53	10.53	10.53	76.03	97.2	90.91	east	ಈಸ್ಟ್	ea	ಈಸ	1s	891	1st	shimoga	False	False	False	False	False	False	False	4	4	11	10	0	1	False	False	low_name_high_address
source3	S1-126022071	S3-285643585	India	Jay Food Private Limited	ଜୟ ଫୁଡ୍ ପ୍ରାଇଭେଟ୍ ଲିମିଟେଡ୍	Orissa, Jagatsinghpur, Khata No 181 Nimidhi Gate Bazaar Paradeep Garh, C/O Ramesh Ch Nayak P.No 40, Jagatsinghapur	No D/125 C/o Rameh Ch Nayak P.no 40, Jagatsinghapur, Jagatsinghpur, Orissa	latin	other	latin	latin	12.0	12.0	12.0	51.93	90.32	75.14	jay	ଜୟ	ja	ଜୟ	181	125	orissa	d	False	False	False	False	False	False	False	4	4	19	14	0	5	False	False	low_name_high_address
