category	value	count	pct_of_misses
source	source2	70	54.6875
source	source3	58	45.3125
country	India	103	80.46875
country	US	25	19.53125
similarity_category	low_name_high_address	79	61.71875
similarity_category	mixed_similarity	47	36.71875
similarity_category	high_name_high_address	1	0.78125
similarity_category	low_name_low_address	1	0.78125
target_name_script	latin	61	47.65625
target_name_script	other	33	25.78125
target_name_script	devanagari	32	25.0
target_name_script	mixed_latin_devanagari	2	1.5625
key_failure	name_first_match	128	100.0
key_failure	name_prefix2_match	128	100.0
key_failure	address_number_match	128	100.0
key_failure	address_first_match	128	100.0
address_missingness	source1_address_missing	0	0.0
address_missingness	target_address_missing	0	0.0
address_missingness	either_address_missing	0	0.0
name_ratio_bucket	<40	80	62.5
name_ratio_bucket	40-59	9	7.03125
name_ratio_bucket	60-69	13	10.15625
name_ratio_bucket	70-79	20	15.625
name_ratio_bucket	80-89	6	4.6875
name_ratio_bucket	90-100	0	0.0
address_token_ratio_bucket	<40	1	0.78125
address_token_ratio_bucket	40-59	0	0.0
address_token_ratio_bucket	60-69	1	0.78125
address_token_ratio_bucket	70-79	14	10.9375
address_token_ratio_bucket	80-89	29	22.65625
address_token_ratio_bucket	90-100	83	64.84375
