source	source1_entity_id	target_entity_id	country	source1_name	target_name	source1_address	target_address	source1_name_script	target_name_script	source1_address_script	target_address_script	name_ratio	name_token_ratio	address_ratio	address_token_ratio	s1_name_first	target_name_first	s1_name_prefix2	target_name_prefix2	s1_address_number	target_address_number	s1_address_first	target_address_first	name_first_match	name_prefix2_match	address_number_match	address_first_match	source1_address_missing	target_address_missing	either_address_missing	source1_name_token_count	target_name_token_count	name_first_token_different	normalized_name_equal	normalized_address_equal	similarity_category
source2	S1-286272499	S2-462454521	US	QB Classic Yhn Inc.	Incorporated QB Classic Yhn	7055 Louisa Road, Albemarle County, VA	705 LOUISA RD, ALBEMARLE COUNTY, VA	latin	latin	latin	latin	62.22	87.5	95.65	95.65	qb	incorporated	qb	in	7055	705	7055	705	False	False	False	False	False	False	False	4	4	True	False	False	mixed_similarity
source2	S1-663565958	S2-192656141	India	Hari Enterprises Private Limited	ਹਰੀ ਐਂਟਰਪ੍ਰਾਈਜ਼ਿਜ਼ ਪ੍ਰਾਈਵੇਟ ਲਿਮਟਿਡ	C/O Pooja, Padda Colony, Lohian Khas, Sultanpur, Jalandhar, Punjab	500 C/O POOJA, JALANDHAR, Punjab, PADDA COLONY, LOHIAN KHAS, SULTANPUR	latin	other	latin	latin	9.09	9.09	69.84	100.0	hari	ਹਰੀ	ha	ਹਰ		500	c	500	False	False	False	False	False	False	False	4	4	True	False	False	low_name_high_address
source2	S1-83679816	S2-779517126	India	Balaji Tech Private Limited	privatetechbalaji.com	Kushalpura, Chanwaji, Jaipur, Rajasthan	CHANWAJI, JAIPUR, Rajasthan, KUSHALPURA	latin	latin	latin	latin	41.67	54.17	69.44	100.0	balaji	privatetechbalaji	ba	pr			kushalpura	chanwaji	False	False	False	False	False	False	False	4	2	True	False	False	low_name_high_address
source2	S1-982416165	S2-243763104	India	All Marketing Pvt Ltd	ऑल मार्केटिंग प्रा. लि.	C/O Rajan Singh, Sehramau South, Sadar, Shahjahanpur, Uttar Pradesh	SEHRAMAU SOUTH, C/O RAJAN SINBH, SHAHJAHANPUR, SADAR, Uttar Pradesh	latin	devanagari	latin	latin	14.29	14.29	69.84	98.41	all	ऑल	al	ऑल			c	sehramau	False	False	False	False	False	False	False	4	4	True	False	False	low_name_high_address
source2	S1-213733425	S2-536341305	India	Tech Indo Projects Limited	टेक इंडो प्रोजेक्ट्स लिमिटेड	C-128, Singh Bhoomi Colony Khatipura, Jaipur, Rajasthan	371 C-128, SINGH BHOOMI COLONY KHATIPURA, JAIPUR, Rajasthan	latin	devanagari	latin	latin	11.11	11.11	96.3	100.0	tech	टेक	te	टे	128	371	c	371	False	False	False	False	False	False	False	4	4	True	False	False	low_name_high_address
source2	S1-555548772	S2-940722803	US	Classic Nutrition Networks	Nutriti0n C1assic (Networks)	90 Andesite Ridge Road, Big Sky, MT	92 ANDESITE RIDGE RD, BIG SKY, MT	latin	latin	latin	latin	65.38	92.31	93.75	93.75	classic	nutriti0n	cl	nu	90	92	90	92	False	False	False	False	False	False	False	3	3	True	False	False	mixed_similarity
source2	S1-627999780	S2-357468066	India	Sunrise Infotech Private Limited	సన్‌రైజ్ ఇన్ఫోటెక్ ప్రైవేట్ లిమిటెడ్	Flat No D-5 Sri Harsha Residency, Nagarjuna Street, A, Shok Nagar, Eluru, West Godavari, Andhra Pradesh	BLOCK D-781 FLAT NO D-5 SRI HARSHA RESIDENCY, ELURU, WEST GODAVARI, Andhra Pradesh	latin	other	latin	latin	8.82	8.82	76.14	93.06	sunrise	సన్	su	సన	5	781	5	block	False	False	False	False	False	False	False	4	5	True	False	False	low_name_high_address
source2	S1-796421498	S2-216890887	India	Creative Projects Limited	क्रिएटिव प्रोजेक्ट्स लिमिटेड	12Thfloor, C, 1204, Roya Oasis, Jankalyan Nagarmalvani, Nr Billabong School, Malad W, Mumbai, Mumbai City, Maharashtra	Maharashtra, MUMBAI, C, 1204, ROYA OASIS, JANKALYAN NAGARMALVANI, NR BILLABONG SCHOOL, MALAD W, MUMBAI CITY, 12THFLOOR	latin	devanagari	latin	latin	7.55	7.55	78.9	100.0	creative	क्रिएटिव	cr	क्	12t	1204	12thfloor	maharashtra	False	False	False	False	False	False	False	3	3	True	False	False	low_name_high_address
source2	S1-1838589	S2-302601328	India	Blue Solutions	ब्लू सॉल्यूशंस	Plot No. 432, R No. 8, Gayatri Chs Ltd., Sec 4, Near Saraswat Bank, Kandivali, Kandivali West, Mumbai, Maharashtra	#43, KANDIVALI WEST, Maharashtra, R NO. 8, GAYATRI CHS LTD., SEC 4, NEAR SARASWAT BANK, KANDIVALI, NULL	latin	devanagari	latin	latin	7.14	7.14	65.64	94.87	blue	ब्लू	bl	ब्	432	43	r	43	False	False	False	False	False	False	False	2	2	True	False	False	low_name_high_address
source2	S1-937822241	S2-898950576	India	Black Infra Pvt Ltd	ಬ್ಲ್ಯಾಕ್ ಇನ್‌ಫ್ರಾ ಪ್ರೈವೇಟ್ ಲಿಮಿಟೆಡ್	Opp.Old Bpcl Petrol Bunk Road Near Ksrtc Bus Stand Shidlaghatta, Chikkaballapura, Kolar, Karnataka	PLOT 412 OPP.OLD BPCL PETROL BUNK ROAD NEAR KSRTC BUS STAND SHIDLAGHATTA, CHIKKABALLAPURA, ಕರ್ನಾಟಕ	latin	other	latin	latin	11.11	11.11	83.77	90.8	black	ಬ್ಲ್ಯಾಕ್	bl	ಬ್		412	opp	412	False	False	False	False	False	False	False	4	5	True	False	False	low_name_high_address
source2	S1-382861164	S2-676596968	India	Fortune Finance Private Limited	Private Fortune Finance Limited	Rs No 226, Flat No C-808 Anantpuram Appart Bapat Camp, Kolhapur, Maharashtra	FLAT NO C-808 ANANTPURAM APPART BAPAT CAMP, RS NO D/226, KOLHAPUR, Maharashtra	latin	latin	latin	latin	74.19	100.0	85.14	100.0	fortune	private	fo	pr	226	808	rs	808	False	False	False	False	False	False	False	4	4	True	False	False	mixed_similarity
source2	S1-314303471	S2-193738575	US	Kost & Welsh	Wélsh & Kost	27 Park Towne Drive, Granite City, IL	PARK TOWNE DR, null, GRANITE CITY, IL	latin	latin	latin	latin	40.0	90.0	84.06	86.67	kost	wélsh	ko	wé	27		27	park	False	False	False	False	False	False	False	2	2	True	False	False	low_name_high_address
source2	S1-537191216	S2-993498227	India	Big Healthcare Private Limited	बिग हेल्थकेयर प्राइवेट लिमिटेड	3Rd Floor Office No 300 Galore Tech, Survey No 22 Hissa No 2 1 3 1 4 1 1 Bavdhan Khurd, Pune City, Pune, Maharashtra	6-3RD FLOOR OFFICE NO 300 GALORE TECH, SURVEY NO 22 HISSA NO 2 1 3 1 4 1 1 BAVDHAN KHURD, PUNE CITY, PUNE, महाराष्ट्र	latin	devanagari	latin	mixed_latin_devanagari	10.0	10.0	89.78	93.26	big	बिग	bi	बि	3r	6	office	6	False	False	False	False	False	False	False	4	4	True	False	False	low_name_high_address
source2	S1-495839809	S2-904347956	India	Lotus Business Private Limited	ಲೋಟಸ್ ಬಿಸಿನೆಸ್ ಪ್ರೈವೇಟ್ ಲಿಮಿಟೆಡ್	No. 33/3, Banaswadi Road Extension M.S Nagar, Bangalore, Karnataka	BANASWADI ROAD EXTENSION M.S NAGAR, #35/3, BANGALORE, ಕರ್ನಾಟಕ	latin	other	latin	latin	9.68	9.68	75.63	89.32	lotus	ಲೋಟಸ್	lo	ಲೋ	33	35	3	banaswadi	False	False	False	False	False	False	False	4	4	True	False	False	low_name_high_address
source2	S1-722437756	S2-302943175	India	GL India Limited	Limited GL India	Rayapuram Extension 2Nd Street, Coimbatore, Tamil Nadu, 43, Tiruppur	43, RAYAPURAM EXTENSION 2ND STREET, TIRUPPUR, TIRUPUR, தமிழ்நாடு	latin	latin	latin	latin	50.0	100.0	67.74	82.35	gl	limited	gl	li	2n	43	rayapuram	43	False	False	False	False	False	False	False	3	3	True	False	False	low_name_high_address
source2	S1-83402127	S2-272290151	India	Raj Global Limited	राज ग्लोबल लिमिटेड	611 - A, Tulsiani Chambers, Nariman Point, Mumbai, Mumbai City, Maharashtra	महाराष्ट्र, MUMBAI, MUMBAI CITY, 61 - A	latin	devanagari	latin	mixed_latin_devanagari	11.11	11.11	41.18	65.0	raj	राज	ra	रा	611	61	611	महाराष्ट्र	False	False	False	False	False	False	False	3	3	True	False	False	mixed_similarity
source2	S1-585186987	S2-456374589	US	Brown Preferred Retail	PREFERRED BROWN CENTER	1965 Massey Point Road, Mcalester, OK	1965B MASSEY POINT RD, MCALETER, OK	latin	latin	latin	latin	59.09	81.82	94.12	94.12	brown	preferred	br	pr	1965	1965b	1965	1965b	False	False	False	False	False	False	False	3	3	True	False	False	low_name_high_address
source2	S1-83402127	S2-66250431	India	Raj Global Limited	राज ग्लोबल लिमिटेड	611 - A, Tulsiani Chambers, Nariman Point, Mumbai, Mumbai City, Maharashtra	H.NO 61 - A, TULSIANI CHAMBERS, NARIMAN POINT, MUMBAI CITY, MUMBAI, महाराष्ट्र	latin	devanagari	latin	mixed_latin_devanagari	11.11	11.11	73.38	84.91	raj	राज	ra	रा	611	61	611	a	False	False	False	False	False	False	False	3	3	True	False	False	low_name_high_address
source2	S1-267433852	S2-644002932	India	Sree Producer Private Limited	ஸ்ரீ புரொட்யூசர் பிரைவேட் லிமிடெட்	No 2 19Th Street, 5Th Avenue, Ashok Nagar, Chennai, Tamil Nadu	#5 19TH STREET, 5TH AVENUE, ASHOK NAGAR, CHENNAI, Tamil Nadu	latin	other	latin	latin	9.52	9.52	95.58	98.15	sree	ஸ்ரீ	sr	ஸ்	2	5	19th	5	False	False	False	False	False	False	False	4	4	True	False	False	low_name_high_address
source2	S1-91646506	S2-509013322	India	Eastern Constructions Private Limited	ஈஸ்டர்ன் கன்ஸ்ட்ரக்ஷன்ஸ் பிரைவேட் லிமிடெட்	Madurai, 36A/12, Tamil Nadu, Khan Palayam, 4Th Street, Madurai North	NO A-445 36A/12, KHAN PALAYAM, 4TH STREET, MADURAI NORTH, MADURAI, Tamil Nadu	latin	other	latin	latin	7.59	7.59	68.15	100.0	eastern	ஈஸ்டர்ன்	ea	ஈஸ	36a	445	madurai	445	False	False	False	False	False	False	False	4	4	True	False	False	low_name_high_address
source2	S1-950459000	S2-309113779	India	Creative North Systems Private Limited	ক্রিয়েটিভ নর্থ সিস্টেমস প্রাইভেট লিমিটেড	Howrah, Kolkata, C/O Tamasree Ghosh Nabajiban Colony Bisharpara, West Bengal, Kolkata	C/O TAMASREE GHOSH NABAJIBAN COLONY BISHARPARA, KOLKATA, HOWRAH, West Bengal	latin	other	latin	latin	10.13	10.13	75.32	100.0	creative	ক্রিয়েটিভ	cr	ক্			howrah	c	False	False	False	False	False	False	False	5	5	True	False	False	low_name_high_address
source2	S1-693364394	S2-714297903	US	Valdez and Murphy Energia Inc	Inc Valdez And Murphy Energia	3911 Circle Drive, Wichita Falls, TX	3607 CIRCLE DR, WICHITA FALLS, TX	latin	latin	latin	latin	86.21	100.0	86.15	86.15	valdez	inc	va	in	3911	3607	3911	3607	False	False	False	False	False	False	False	5	5	True	False	False	high_name_high_address
source2	S1-915149493	S2-313621431	US	White Group P.C.	We We Group P.C.	102 Goodwinds Drive, Oriental, NC	102B GOODWINDS DR, ORIENTAL, NC	latin	latin	latin	latin	80.0	88.89	93.33	93.33	white	we	wh	we	102	102b	102	102b	False	False	False	False	False	False	False	4	5	True	False	False	mixed_similarity
source2	S1-320209096	S2-942505262	India	Om Foods Private Limited	ੴ ਫੂਡਜ਼ ਪ੍ਰਾਈਵੇਟ ਲਿਮਟਿਡ	59, Type 2 Sec 1, Naya Nangal, Anandpur Sahib, Rupnagar, Punjab	Punjab, RUPNAGAR, H.NO 142 59, ANANDPUR SAHIB	latin	other	latin	latin	12.77	12.77	46.0	88.0	om	ੴ	om	ੴਫ	59	142	59	punjab	False	False	False	False	False	False	False	4	4	True	False	False	low_name_high_address
source2	S1-937822241	S2-809720179	India	Black Infra Pvt Ltd	ಬ್ಲ್ಯಾಕ್ ಇನ್‌ಫ್ರಾ ಪ್ರೈವೇಟ್ ಲಿಮಿಟೆಡ್	Opp.Old Bpcl Petrol Bunk Road Near Ksrtc Bus Stand Shidlaghatta, Chikkaballapura, Kolar, Karnataka	PLOT 412 OPP.OLD BPCL PETROL BUNK ROAD NEAR KSRTC BUS STAND SHIDLAGHATTA, SOUTH KARNATAKA REGION, KOLAR, ಕರ್ನಾಟಕ	latin	other	latin	latin	11.11	11.11	75.49	90.8	black	ಬ್ಲ್ಯಾಕ್	bl	ಬ್		412	opp	412	False	False	False	False	False	False	False	4	5	True	False	False	low_name_high_address
source2	S1-126022071	S2-689638893	India	Jay Food Private Limited	ଜୟ ଫୁଡ୍ ପ୍ରାଇଭେଟ୍ ଲିମିଟେଡ୍	Orissa, Jagatsinghpur, Khata No 181 Nimidhi Gate Bazaar Paradeep Garh, C/O Ramesh Ch Nayak P.No 40, Jagatsinghapur	0785 C/O RAMESH CH NAYAK P.NO 40, JAGATSINGHPUR, <NULL>, Odisha, KHATA NO 181 NIMIDHI GATE BAZAAR PARADEEP GARH	latin	other	latin	latin	12.0	12.0	60.47	90.91	jay	ଜୟ	ja	ଜୟ	181	785	orissa	0785	False	False	False	False	False	False	False	4	4	True	False	False	low_name_high_address
source2	S1-394093741	S2-602056412	India	Fortune Care Limited	फॉर्च्यून केयर लिमिटेड	Hanuman Marg, Prasad Th. Sarada, Udaipur, Rajasthan	HN 44 HANUMAN MARG, UDAIPUR, राजस्थान	latin	devanagari	latin	mixed_latin_devanagari	9.52	9.52	51.22	72.73	fortune	फॉर्च्यून	fo	फॉ		44	hanuman	hn	False	False	False	False	False	False	False	3	3	True	False	False	mixed_similarity
source2	S1-450618700	S2-488046128	India	Silver Consulting Pvt Ltd	சில்வர் கன்சல்டிங் பிரைவேட் லிமிடெட்	8-10/41-42 Elango Nagar 2Nd Street, P N Road, Tiruppur, Coimbatore, Tamil Nadu	TIRUPPUR, தமிழ்நாடு, 9-10/41-42 ELANGO NAGAR 2ND STREET, P N ROAD, COIMBATORE	latin	other	latin	latin	9.84	9.84	72.11	91.04	silver	சில்வர்	si	சி	8	9	8	tiruppur	False	False	False	False	False	False	False	4	4	True	False	False	low_name_high_address
source2	S1-837542024	S2-9209243	US	A Crystal Credit Inc	Service A Credit Inc	553 Par Drive, Unit Apt 6, Marion, AR	Par Dr, MARION, AR	latin	latin	latin	latin	65.0	75.0	64.0	89.66	a	service	ac	se	553		553	par	False	False	False	False	False	False	False	4	4	True	False	False	mixed_similarity
source2	S1-867998778	S2-126598464	India	Premier Sunrise International Private Limited	പ്രീമിയർ സൺറൈസ് ഇന്റർനാഷണൽ പ്രൈവറ്റ് ലിമിറ്റഡ്	House, 40/445, Mamangalam, Palarivattom P.O, Ernakulam, Ernakulam, Kerala	ERNAKULAM, Kerala, HOUSE, ERNAKULAM, N/A	latin	other	latin	latin	8.79	8.79	50.49	91.67	premier	പ്രീമിയർ	pr	പ്	40		40	ernakulam	False	False	False	False	False	False	False	5	5	True	False	False	low_name_high_address
source2	S1-484753372	S2-407233156	India	North Logistics Private Limited	नॉर्थ लॉजिस्टिक्स प्राइवेट लिमिटेड	Ammber Enncllave Bldg No 2B Wing F No 902 Kanchangaon, Thakurli, Thane, Maharashtra	THAKURLI, H.NO 189 AMMBER ENNCLLAVE BLDG NO 2B WING F NO 902 KANCHANGAON, THANE, Maharashtra	latin	devanagari	latin	latin	9.23	9.23	84.02	100.0	north	नॉर्थ	no	नॉ	2b	189	ammber	thakurli	False	False	False	False	False	False	False	4	4	True	False	False	low_name_high_address
source2	S1-512287160	S2-34458544	US	Boyle Encore Inc	Encore Boyle Inc	691 Main Street, Unit 1/2, Marion, OH	PMB 2760, OH, 691-D MAIN STREET, MARION	latin	latin	latin	latin	62.5	100.0	62.86	84.75	boyle	encore	bo	en	691	2760	691	pmb	False	False	False	False	False	False	False	3	3	True	False	False	mixed_similarity
source2	S1-221941373	S2-971768566	India	South Developers Private Limited	साउथ डेवलपर्स प्राइवेट लिमिटेड	1 Mela Ram Market, 913/17 Chotta Chippiwara Chawri Bazar, Delhi	DELHI, दिल्ली, 913/17 CHOTTA CHIPPIWARA CHAWRI BAZAR, DOOR NO D/1 MELA RAM MARKET	latin	devanagari	latin	mixed_latin_devanagari	9.68	9.68	64.75	100.0	south	साउथ	so	सा	1	913	1	delhi	False	False	False	False	False	False	False	4	4	True	False	False	low_name_high_address
source2	S1-6995546	S2-755610167	India	South Technology Limited	साउथ टेक्नोलॉजी लिमिटेड	Unit No 1301, 13Th Floor, Peninsula Business Park Tower B Senapati Bapat Marg, Lower Pare, L West, Mumbai, Mumbai City, Maharashtra	PLOT 451 UNIT NO 1301, 13TH FLOOR, PENINSULA BUSINESS PARK TOWER B SENAPATI BAPAT MARG, LOWER PARE, L WEST, MUMBAI, MUMBAI CITY, Maharashtra	latin	devanagari	latin	latin	8.51	8.51	96.5	100.0	south	साउथ	so	सा	1301	451	peninsula	451	False	False	False	False	False	False	False	3	3	True	False	False	low_name_high_address
source2	S1-643898887	S2-297738889	US	Taylor Harbor Senior	Harbor Taylor Sendrio	9219 Falls Creek Trail, Albuquerque, NM	ALBUQUERQUE CITY, NM, 8922 FALLS CREEK TRAIL	latin	latin	latin	latin	63.41	92.68	50.63	92.75	taylor	harbor	ta	ha	9219	8922	9219	albuquerque	False	False	False	False	False	False	False	3	3	True	False	False	mixed_similarity
source2	S1-992548042	S2-42198318	US	Meeks, Lee and Correia LLC	Nylabrix	169 Main Street, Unit 4, West Springfield, MA	MAIN STREET, WEST SPRINGFIELD, MA	latin	latin	latin	latin	24.24	18.18	84.93	100.0	meeks	nylabrix	me	ny	169		169	main	False	False	False	False	False	False	False	5	1	True	False	False	low_name_high_address
source2	S1-495839809	S2-7179008	India	Lotus Business Private Limited	ಲೋಟಸ್ ಬಿಸಿನೆಸ್ ಪ್ರೈವೇಟ್ ಲಿಮಿಟೆಡ್	No. 33/3, Banaswadi Road Extension M.S Nagar, Bangalore, Karnataka	217/8, BANASWADI ROAD EXTENSION M.S NAGAR, BANGALORE, Karnataka	latin	other	latin	latin	9.68	9.68	91.8	94.74	lotus	ಲೋಟಸ್	lo	ಲೋ	33	217	3	217	False	False	False	False	False	False	False	4	4	True	False	False	low_name_high_address
source2	S1-901286612	S2-910529923	India	Perfect Finance Pvt Ltd	परफेक्ट फाइनेंस प्रा. लि.	Shri Krushan Nagar, Barshi Road, Osmanabad, Maharashtra	BARSHI ROAD, महाराष्ट्र, OSMANABAD, PLOT 519 SHRI KRUSHAN NAGAR, UPLA	latin	devanagari	latin	mixed_latin_devanagari	13.04	13.04	47.86	86.96	perfect	परफेक्ट	pe	पर		519	shri	barshi	False	False	False	False	False	False	False	4	4	True	False	False	low_name_high_address
source2	S1-937822241	S2-25671971	India	Black Infra Pvt Ltd	ಬ್ಲ್ಯಾಕ್ ಇನ್‌ಫ್ರಾ ಪ್ರೈವೇಟ್ ಲಿಮಿಟೆಡ್	Opp.Old Bpcl Petrol Bunk Road Near Ksrtc Bus Stand Shidlaghatta, Chikkaballapura, Kolar, Karnataka	PLOT 412 OPP.OLD BPCL PETROL BUNK ROAD NEAR KSRTC BUS STAND SHIDLAGHATTA, CHIKKABALLAPURA, Karnataka	latin	other	latin	latin	11.11	11.11	92.23	96.74	black	ಬ್ಲ್ಯಾಕ್	bl	ಬ್		412	opp	412	False	False	False	False	False	False	False	4	5	True	False	False	low_name_high_address
source2	S1-429266588	S2-376468231	India	Surya Marketing Private Limited	सूर्या मार्केटिंग प्राइवेट लिमिटेड	R.S No 87/2, Ram Nagar Vadgaon, Kolhapur, Hatkanagale, Maharashtra	586 R.S NO 87/2, RAM NAGAR VADGAON, HATKANAGALE, KOLHAPUR, Maharashtra	latin	devanagari	latin	latin	9.23	9.23	82.81	100.0	surya	सूर्या	su	सू	87	586	r	586	False	False	False	False	False	False	False	4	4	True	False	False	low_name_high_address
source2	S1-632088756	S2-180876391	India	AH Agro Private Limited	Private AH Agro Ltd	Site No. 4, Golden Industrial Layout Kaniyur Village, Coimbatore, Tamil Nadu	HN 109/7 SITE NO. 4, COIMBATORE, Tamil Nadu	latin	latin	latin	latin	52.38	90.48	57.14	87.32	ah	private	ah	pr	4	109	site	hn	False	False	False	False	False	False	False	4	4	True	False	False	low_name_high_address
source2	S1-377966619	S2-810737942	US	Alcala Era PLLC	ERA ALCALA PLLC	6566 Metso Road, Kettle River, MN	656 METSO RD, KETTLE RIVER, MN	latin	latin	latin	latin	73.33	100.0	94.92	94.92	alcala	era	al	er	6566	656	6566	656	False	False	False	False	False	False	False	3	3	True	False	False	mixed_similarity
source2	S1-226090714	S2-38619156	India	Star Infra Private Limited	സ്റ്റാർ ഇൻഫ്ര പ്രൈവറ്റ് ലിമിറ്റഡ്	1/440, Vadakkancherry P.O.Trichur Dist, Thalapilly, Thrissur, Kerala	440, THALAPILLY, THRISSUR, Kerala	latin	other	latin	latin	10.17	10.17	63.83	100.0	star	സ്റ്റാർ	st	സ്	1	440	1	440	False	False	False	False	False	False	False	4	4	True	False	False	low_name_high_address
source2	S1-321818285	S2-825953048	India	Planet Traders Limited	Traders Planet Limited	Ankamvetti Kavala, Puthupariyaram P.O, Manakkadu, Thodupuzha, Thodupuzha, Idukki, Kerala	THODUPUZHA, IDUKKI, കേരളം, ANKAMVETTI KAVALA	latin	latin	latin	latin	68.18	100.0	37.4	92.11	planet	traders	pl	tr			ankamvetti	thodupuzha	False	False	False	False	False	False	False	3	3	True	False	False	mixed_similarity
source2	S1-637427281	S2-122524155	US	United Program PLLC	Program ... United	11455 2, Double Springs, AL	2, DOUBLE SPRINGS, AL	latin	latin	latin	latin	48.48	100.0	86.36	100.0	united	program	un	pr	11455	2	11455	2	False	False	False	False	False	False	False	3	2	True	False	False	low_name_high_address
source2	S1-298578196	S2-895593447	US	Isahella Matlock Mining LLC	Mialofck, Isahella Mining LLC	34742 101 Business, Astoria, OR	101 BUSINESS, ASTORIA, OR	latin	latin	latin	latin	69.09	94.55	88.46	100.0	isahella	mialofck	is	mi	34742	101	34742	101	False	False	False	False	False	False	False	4	4	True	False	False	mixed_similarity
source2	S1-726365524	S2-554119899	India	Classic Trading Private Limited	Nexdelta	Office No. 7 & 8, Sector - 2, Plot No. - 2, Phase - Ii, Nerul (West), Navi Mumbai, Thane, Maharashtra	BLOCK D-76 OFFICE NO. 7 & 8, SECTOR - 2, PLOT NO. - 2, PHASE - II, NERUL (WEST), NAVI MUMBAI, THANE, Maharashtra	latin	latin	latin	latin	20.51	25.64	93.71	100.0	classic	nexdelta	cl	ne	7	76	office	block	False	False	False	False	False	False	False	4	1	True	False	False	low_name_high_address
source2	S1-988630610	S2-512114912	India	Innovative Hospitality Pvt Ltd	ઇનોવેટિવ હોસ્પિટાલિટી પ્રા. લિ.	Ff-14 Shreenath Avenue Nr, Iira Int. School Bhayli, Vadodara, Gujarat	##466 FF-14 SHREENATH AVENUE NR, IIRA INT. SCHOOL BHAYLI, VADODARA, Gujarat	latin	other	latin	latin	10.17	10.17	97.01	100.0	innovative	ઇનોવેટિવ	in	ઇન	14	466	ff	466	False	False	False	False	False	False	False	4	4	True	False	False	low_name_high_address
source2	S1-203955016	S2-396085677	India	Green Infra Private Limited	ग्रीन इंफ्रा प्राइवेट लिमिटेड	Bhaiyasaheb Ambedkar Naga, R, Ot Section, Kalyan, Thane, Maharashtra	HN 534 BHAIYASAHEB AMBEDKAR NAAG, KALYAN, THANE, Maharashtra	latin	devanagari	latin	latin	10.71	10.71	81.67	88.24	green	ग्रीन	gr	ग्		534	bhaiyasaheb	hn	False	False	False	False	False	False	False	4	4	True	False	False	low_name_high_address
source2	S1-661546405	S2-584423858	India	Silver Engineering Private Limited	SÍLVERENGINEERING.COM	Riaz Garden, Old No. 12, New No 29, Kodambakkam High Road, Chennai, Tamil Nadu	HN 7-164 RIAZ GARDEN, OLD NO. 12, NEW NO 29, KODAMBAKKAM HIGH ROAD, CHENNAI, Tamil Nadu	latin	latin	latin	latin	65.45	40.0	94.12	100.0	silver	sílverengineering	si	sí	12	7	riaz	hn	False	False	False	False	False	False	False	4	2	True	False	False	mixed_similarity
source2	S1-784144577	S2-989068026	India	Guru Services Private Limited	ಗುರು ಸರ್ವಿಸಸ್ ಪ್ರೈವೇಟ್ ಲಿಮಿಟೆಡ್	18, Ramashree Arcadeii Floor, M.G. Road, Bangalore, Karnataka	BLOCK E-71 18, RAMASHREE ARCADEII FLOOR, M.G. ROAD, BANGALORE, ಕರ್ನಾಟಕ	latin	other	latin	latin	10.0	10.0	77.69	90.2	guru	ಗುರು	gu	ಗು	18	71	18	block	False	False	False	False	False	False	False	4	4	True	False	False	low_name_high_address
source2	S1-274659648	S2-772983988	US	Integrated Media Concepts Corp	mediaintegrated.com	Kingsport, 3907 Skyland Drive, TN	390 SKYLAND DR, KINGSPORT, TN	latin	latin	latin	latin	53.06	53.06	62.07	93.1	integrated	mediaintegrated	in	me	3907	390	kingsport	390	False	False	False	False	False	False	False	4	2	True	False	False	low_name_high_address
source2	S1-856522775	S2-269803983	US	Johnson Smart of Raleigh	Zephwex	Unit 411, NC, 11200 Tidewater Lane, Raleigh	TIDEWATER LANE, RALEIGH, NC	latin	latin	latin	latin	12.9	12.9	67.69	100.0	johnson	zephwex	jo	ze	411		411	tidewater	False	False	False	False	False	False	False	4	1	True	False	False	low_name_high_address
source2	S1-702568540	S2-260459748	US	Commercial Construction Advisors LLC	Yumamirairi	35 Ross Road, Wilmington, DE	35A ROSS RD, WILMINGTON, DE	latin	latin	latin	latin	29.79	25.53	94.12	94.12	commercial	yumamirairi	co	yu	35	35a	35	35a	False	False	False	False	False	False	False	4	1	True	False	False	low_name_high_address
source2	S1-356968386	S2-649333859	India	HGX Market Private Limited	Limited HGX Market Services	Uttar Pradesh, Dharmshala Nawabganj, Bareilly, C/O Surendra Kumar Mo Kaharan Near Babu Ram, Nawabganj	C/O SURENDRA KUMAR MO KAHARAN NEAR BABU RAM, BAREILLY, Uttar Pradesh	latin	latin	latin	latin	56.6	83.02	57.67	100.0	hgx	limited	hg	li			uttar	c	False	False	False	False	False	False	False	4	4	True	False	False	low_name_high_address
source2	S1-177669122	S2-436763530	US	Motley, Romo & Cross Lion Inc	Inc Motley, Romo & Cdlss Lion	45 La Granja Road, San Benito, TX	55 LA GRANJA ROAD, SAN BENITO, TX	latin	latin	latin	latin	76.92	92.31	96.77	96.77	motley	inc	mo	in	45	55	45	55	False	False	False	False	False	False	False	5	5	True	False	False	mixed_similarity
source2	S1-118502154	S2-576729383	India	North Constructions Private Limited	नॉर्थ कंस्ट्रक्शंस प्राइवेट लिमिटेड	Office No Bw9021, Maharashtra, 9Th Floor, G Block Bharat Diamond Bourse, Bkc, Bandra East, Bandra Suburban, Mumbai	BANDRA SUBURBAN, 9TH FLOOR, G BLOCK BHARAT DIAMOND BOURSE, BKC, BANDRA EAST, MUMBAI, Maharashtra, OFFICE NO BW9021	latin	devanagari	latin	latin	8.57	8.57	69.16	100.0	north	नॉर्थ	no	नॉ	9021	9t	office	bandra	False	False	False	False	False	False	False	4	4	True	False	False	low_name_high_address
source2	S1-6196517	S2-965299261	India	Gujarat Logistics Private Limited	குஜராத் லாஜிஸ்டிக்ஸ் பிரைவேட் லிமிடெட்	New No 40, Old No56 3Rd Main Road, Kasthuribai Nagar Adyar, Chennai City Corporation, Chennai, Tamil Nadu	Tamil Nadu, OLD NO56 3RD MAIN ROAD, KASTHURIBAI NAGAR ADYAR, CHENNAI CITY CORPORATION, CHENNAI, 40	latin	other	latin	latin	8.45	8.45	86.01	100.0	gujarat	குஜராத்	gu	கு	40	56	new	tamil	False	False	False	False	False	False	False	4	4	True	False	False	low_name_high_address
source2	S1-988630610	S2-667928423	India	Innovative Hospitality Pvt Ltd	ઇનોવેટિવ હોસ્પિટાલિટી પ્રા. લિ.	Ff-14 Shreenath Avenue Nr, Iira Int. School Bhayli, Vadodara, Gujarat	#466 FF-14 SHREENATH AVENUE NR, VADODARA, ગુજરાત	latin	other	latin	latin	10.17	10.17	63.64	86.08	innovative	ઇનોવેટિવ	in	ઇન	14	466	ff	466	False	False	False	False	False	False	False	4	4	True	False	False	low_name_high_address
source2	S1-978632804	S2-913101766	India	Blue Sky Technology LLP	ब्लू स्काई टेक्नोलॉजी एलएलपी	Maharashtra, Mumbai, 2Fl, 288 Tungekar, Th Katariya Rd Matunga W, Fl N 8	FL N 8, 2FL, 288 TUNGEKAR, TH KATARIYA RD MATUNGA W, UBI, MUMBAI, Maharashtra	latin	devanagari	latin	latin	11.76	11.76	66.67	100.0	blue	ब्लू	bl	ब्	2f	8	maharashtra	fl	False	False	False	False	False	False	False	4	4	True	False	False	low_name_high_address
source2	S1-726365524	S2-168981801	India	Classic Trading Private Limited	क्लासिक ट्रेडिंग प्राइवेट लिमिटेड	Office No. 7 & 8, Sector - 2, Plot No. - 2, Phase - Ii, Nerul (West), Navi Mumbai, Thane, Maharashtra	BLOCK D-76 OFFICE NO. 7 & 8, SECTOR - 2, PLOT NO. - 2, PHASE - II, NERUL (WEST), NAVI MUMBAI, THANE, Maharashtra	latin	devanagari	latin	latin	9.38	9.38	93.71	100.0	classic	क्लासिक	cl	क्	7	76	office	block	False	False	False	False	False	False	False	4	4	True	False	False	low_name_high_address
source2	S1-775935177	S2-93090505	US	Heritage Research Global LLC	SERVICES HERITAGE GLOBAL LLC	2680 Rio Bravo Circle, Sacramento, CA	RIO BRAVO CIR, SACRAMENTO, CA	latin	latin	latin	latin	67.86	85.71	87.1	92.0	heritage	services	he	se	2680		2680	rio	False	False	False	False	False	False	False	4	4	True	False	False	mixed_similarity
source2	S1-865704860	S2-938788648	US	Physical Therapy Platinum Partners of Houston LLC	L.L.C. PHYSlCAL THERAPY PLATINUM PARTNERS OF HOUSTON	7216 Los Angeles Street, Houston, TX	LOS ANGELES STREET, HOUSTON, TX	latin	latin	latin	latin	88.0	93.88	92.06	100.0	physical	l	ph	ll	7216		7216	los	False	False	False	False	False	False	False	7	9	True	False	False	high_name_high_address
source2	S1-784144577	S2-248363578	India	Guru Services Private Limited	ಗುರು ಸರ್ವಿಸಸ್ ಪ್ರೈವೇಟ್ ಲಿಮಿಟೆಡ್	18, Ramashree Arcadeii Floor, M.G. Road, Bangalore, Karnataka	Karnataka, RAMASHREE ARCADEII FLOOR, M.G. ROAD, BLOCK E-71 18, BANGALORE	latin	other	latin	latin	10.0	10.0	71.54	100.0	guru	ಗುರು	gu	ಗು	18	71	18	karnataka	False	False	False	False	False	False	False	4	4	True	False	False	low_name_high_address
source2	S1-817145938	S2-623383145	India	Mumbai Galvanizing LLP	LLP Mumbai Galsaniznig	Unit No 422, Maharashtra, 4Th Floor, Neelgiri Industrial Estate, 183, Tokershi Jivraj Road, Sewri (West), Mumbai	UNIT NO 6-422, 4TH FLOOR, NEELGIRI INDUSTRIAL ESTATE, 183, TOKERSHI JIVRAJ ROAD, SEWRI (WEST), MUMBAI, NERUL, Maharashtra	latin	latin	latin	latin	72.73	90.91	85.05	100.0	mumbai	llp	mu	ll	422	6	maharashtra	422	False	False	False	False	False	False	False	3	3	True	False	False	mixed_similarity
source2	S1-448291320	S2-302323060	US	Ledyne Freight LLC	LLC Ledyne Freight	Accokeek, MD, 16309 Tortola Drive	TORTOLA DRIVE, ACCOKEEK, MD	latin	latin	latin	latin	77.78	100.0	46.43	100.0	ledyne	llc	le	ll	16309		accokeek	tortola	False	False	False	False	False	False	False	3	3	True	False	False	mixed_similarity
source2	S1-671589138	S2-403641951	US	Hinkle Associates Inc	Solsol	2840 Olympic Court, Clarkston, WA	284 OLYMPIC CT, CLARKSTON, WA	latin	latin	latin	latin	22.22	29.63	93.1	93.1	hinkle	solsol	hi	so	2840	284	2840	284	False	False	False	False	False	False	False	3	1	True	False	False	low_name_high_address
source2	S1-568546215	S2-728165215	US	G & E Peace Inc.	6 & E Inc. [Peace]	113 Santa Fe Trail, Jacksonville, AR	11 SANTA FE TRAIL, JACKSONVILLE, AR	latin	latin	latin	latin	61.54	92.31	98.51	98.51	g	6	ge	6e	113	11	113	11	False	False	False	False	False	False	False	4	4	True	False	False	mixed_similarity
source2	S1-867998778	S2-648058432	India	Premier Sunrise International Private Limited	പ്രീമിയർ സൺറൈസ് ഇന്റർനാഷണൽ പ്രൈവറ്റ് ലിമിറ്റഡ്	House, 40/445, Mamangalam, Palarivattom P.O, Ernakulam, Ernakulam, Kerala	HOUSE, N/A, ERNAKULAM, Kerala	latin	other	latin	latin	8.79	8.79	55.91	91.67	premier	പ്രീമിയർ	pr	പ്	40		40	n	False	False	False	False	False	False	False	5	5	True	False	False	low_name_high_address
source2	S1-660980751	S2-933732670	India	Best International LLP	बेस्ट इंटरनेशनल एलएलपी	Guptabhavan, Plotno.7, Sectorn-7-J, Nearfusecallcentre, Cidco, Aurangabad, Maharashtra	BLOCK A-C-192 GUPTABHAVAN, PLOTNO.7, SECTORN-7-J, NEARFUSECALLCENTRE, CIDCO, AURANGABAD, Maharashtra	latin	devanagari	latin	latin	9.09	9.09	91.95	100.0	best	बेस्ट	be	बे	7	192	guptabhavan	block	False	False	False	False	False	False	False	3	3	True	False	False	low_name_high_address
source2	S1-431990060	S2-20551819	US	National Compania PC	cnational.com	29507 68th Avenue, Peoria, AZ	68nd Avenue, PEORIA, AZ	latin	latin	latin	latin	72.73	66.67	79.17	86.49	national	cnational	na	cn	29507	68n	29507	68nd	False	False	False	False	False	False	False	3	2	True	False	False	mixed_similarity
source2	S1-961623290	S2-759961153	India	First Products Private Limited	फर्स्ट प्रोडक्ट्स प्राइवेट लिमिटेड	21/13/1 Kaushik Enclave Burari, New Delhi, North East, Delhi	91/13/1 KAUSHIK ENCLAVE BURARI, NORTH EAST, NEW DELHI, Delhi	latin	devanagari	latin	latin	9.38	9.38	80.7	98.04	first	फर्स्ट	fi	फर	21	91	21	91	False	False	False	False	False	False	False	4	4	True	False	False	low_name_high_address
source2	S1-970563629	S2-190885081	India	Seven Marketing Private Limited	सेवन मार्केटिंग प्राइवेट लिमिटेड	New Delhi, Delhi, New Delhi, B.D. Chambers, 10/54, Desh Bandhu Road, Karol Bagh, No. 209	#209, B.D. CHAMBERS, 10/54, DESH BANDHU ROAD, KAROL BAGH, NEW DELHI, CENTRAL DELHI, Delhi	latin	devanagari	latin	latin	9.52	9.52	62.89	97.56	seven	सेवन	se	से	10	209	new	209	False	False	False	False	False	False	False	4	4	True	False	False	low_name_high_address
source2	S1-461222117	S2-497549106	US	Barman Energetics, Inc	INC BARMAN ENERGETICS,	14241 Davenport Path, Rosemount, MN	DAVENPORT PATH, PO BOX 1594, ROSEMOUNT, MN	latin	latin	latin	latin	80.95	100.0	75.0	90.0	barman	inc	ba	in	14241	1594	14241	davenport	False	False	False	False	False	False	False	3	3	True	False	False	mixed_similarity
source2	S1-805270858	S2-255747426	India	Star Energy Limited	स्टार एनर्जी लिमिटेड	Mnit Campus, Rajasthan, Jln Marg, Jaipur, Jaipur	JAIPUR, MNIT CAMPUS, राजस्थान	latin	devanagari	latin	mixed_latin_devanagari	10.26	10.26	33.8	80.0	star	स्टार	st	स्			mnit	jaipur	False	False	False	False	False	False	False	3	3	True	False	False	low_name_high_address
source2	S1-869738580	S2-188981984	US	Reliable Esports Inc	ONYXLYRA	204 Branch Road, Thomaston, CT	THOMASTON, CT, 206 BRANCH RD	latin	latin	latin	latin	14.29	28.57	44.44	92.59	reliable	onyxlyra	re	on	204	206	204	thomaston	False	False	False	False	False	False	False	3	1	True	False	False	low_name_high_address
source2	S1-286101444	S2-982780815	US	Dental Partners of Rockford Inc.	partnersrockford.com	1125 Grant Avenue, Rockford, IL	ROCKFORD, IL, Grant Ave	latin	latin	latin	latin	70.59	74.51	44.0	89.47	dental	partnersrockford	de	pa	1125		1125	rockford	False	False	False	False	False	False	False	5	2	True	False	False	mixed_similarity
source2	S1-716043904	S2-309185915	US	Reed Net L.L.C.	Vioveodrex	1937 S 30th St, Louisville, KY	SOUTH 30TH ST, LOUISVILLE, KY	latin	latin	latin	latin	25.0	27.27	83.64	87.5	reed	vioveodrex	re	vi	1937	30t	1937	south	False	False	False	False	False	False	False	5	1	True	False	False	low_name_high_address
source2	S1-350132104	S2-907378021	India	Hotel Consulting Private Limited	ഹോട്ടൽ കൺസൾട്ടിംഗ് പ്രൈവറ്റ് ലിമിറ്റഡ്	C/O Noushad Gulzar House, Govt Hospital Road Vizhinjam, Neyyattinkara, Thiruvananthapuram, Trivandrum, Kerala	TRIVANDRUM, C/O NOUSHAD GULZAR HOUSE, Keralam	latin	other	latin	latin	8.57	8.57	42.18	89.74	hotel	ഹോട്ടൽ	ho	ഹോ			c	trivandrum	False	False	False	False	False	False	False	4	4	True	False	False	low_name_high_address
source2	S1-808229884	S2-240844966	US	Superior Islands Co	Co Superior Islands	Harriman, 144 Foster Avenue, TN	FOSTER AVE, HARRIMAN, TN	latin	latin	latin	latin	84.21	100.0	54.9	90.0	superior	co	su	co	144		harriman	foster	False	False	False	False	False	False	False	3	3	True	False	False	mixed_similarity
source2	S1-47313775	S2-465157439	India	Bright Exports Pvt Ltd	ब्राइट एक्सपोर्ट्स प्रा. लि.	Bhawanimandi, Jhalawar, Pachpahar Road, Rajasthan	PACHPAHAR ROAD, BHAWANIMANDI, JHALAWAR, Rajasthan	latin	devanagari	latin	latin	12.5	12.5	67.39	100.0	bright	ब्राइट	br	ब्			bhawanimandi	pachpahar	False	False	False	False	False	False	False	4	4	True	False	False	low_name_high_address
source2	S1-662088078	S2-180190676	US	Farica Parra Secure Fidelity Corp	Parra, Farica Secure Fidelity Corp	Merced, CA, 1031 Yosemite Avenue, Unit 1	YOSEMITE AVE, MERCEED, CA	latin	latin	latin	latin	84.85	100.0	46.67	73.33	farica	parra	fa	pa	1031		merced	yosemite	False	False	False	False	False	False	False	5	5	True	False	False	mixed_similarity
source2	S1-928345802	S2-509634775	India	High Energy Pvt Ltd	हाई एनर्जी प्रा. लि.	H.No-292, Takli (A) Tq.Paithan, Aurangabad, Maharashtra	H.NO-492, AURANGABAD, Maharashtra, AURANGABAD	latin	devanagari	latin	latin	16.22	16.22	65.22	93.1	high	हाई	hi	हा	292	492	takli	aurangabad	False	False	False	False	False	False	False	4	4	True	False	False	low_name_high_address
source2	S1-518839389	S2-763006226	US	Signature Harbor Lake LLC	LLC Signature Harbor Lanei	148 3rd Street, Fort Worth, TX	48 3ND STREET, TX, FORT WORTH	latin	latin	latin	latin	78.43	94.12	83.64	85.11	signature	llc	si	ll	148	48	148	48	False	False	False	False	False	False	False	4	4	True	False	False	mixed_similarity
source2	S1-691616670	S2-229208967	India	Bharat Management	ভারত ম্যানেজমেন্ট	Santosh Roy Road Lp-41/4/6, South 24 Parganas, Kolkata, 230/4, West Bengal, Parganas South	230/4, KOLKATA, PARGANAS SOUTH, West Bengal	latin	other	latin	latin	5.88	5.88	46.4	100.0	bharat	ভারত	bh	ভা	41	230	santosh	230	False	False	False	False	False	False	False	2	2	True	False	False	low_name_high_address
source2	S1-644155092	S2-774543773	US	Arts Ministries P.C.	P.C. ARTS MINISTRIES	Galena, OH, 5790 Hughes Road	Hughes Rd, GALENA, OH	latin	latin	latin	latin	78.95	100.0	40.0	91.43	arts	p	ar	pc	5790		galena	hughes	False	False	False	False	False	False	False	4	4	True	False	False	mixed_similarity
source2	S1-951832034	S2-691046787	US	Markham and Bacchus	and Markham Bacchus	181 Arnold Gamble Circle, Sacramento, CA	30  ARNOLD GAMBLE CIR, SACRAMENTO, CA	latin	latin	latin	latin	78.95	100.0	88.89	88.89	markham	and	ma	an	181	30	181	30	False	False	False	False	False	False	False	3	3	True	False	False	mixed_similarity
source2	S1-984429646	S2-220749359	India	Sun Infrastructure Limited	सन इंफ्रास्ट्रक्चर लिमिटेड	Spaze It Park, Tower B3, 4Th Floor, Unit No- 442-4, Gurgaon, Haryana	#73 SPAZE IT PARK, TOWER B3, 4TH FLOOR, UNIT NO- 442-4, GURGAON, Haryana	latin	devanagari	latin	latin	7.69	7.69	97.64	100.0	sun	सन	su	सन	3	73	spaze	73	False	False	False	False	False	False	False	3	3	True	False	False	low_name_high_address
source2	S1-203955016	S2-242114245	India	Green Infra Private Limited	ग्रीन इंफ्रा प्राइवेट लिमिटेड	Bhaiyasaheb Ambedkar Naga, R, Ot Section, Kalyan, Thane, Maharashtra	KALYAN, HN 534 BHAIYASAHEB AMBEDKAR NAGA, THANE, Maharashtra	latin	devanagari	latin	latin	10.71	10.71	71.67	93.46	green	ग्रीन	gr	ग्		534	bhaiyasaheb	kalyan	False	False	False	False	False	False	False	4	4	True	False	False	low_name_high_address
source2	S1-854477765	S2-35929414	US	Harris and Pulley King Inc	King Harris and Pulley Inc	1012 Hayes Street, Fairfield, CA	FAIRFIELD ICTY, CA, PMB 1583, 1012 HAYES ST	latin	latin	latin	latin	80.77	100.0	37.14	86.79	harris	king	ha	ki	1012	1583	1012	fairfield	False	False	False	False	False	False	False	5	5	True	False	False	mixed_similarity
source2	S1-988630610	S2-326068794	India	Innovative Hospitality Pvt Ltd	ઇનોવેટિવ હોસ્પિટાલિટી પ્રા. લિ.	Ff-14 Shreenath Avenue Nr, Iira Int. School Bhayli, Vadodara, Gujarat	##466 FF-14 SHREENTH AVENUE NR, IIRA INT. SCHOOL BHAYLI, VADODARA, Gujarat	latin	other	latin	latin	10.17	10.17	96.24	96.24	innovative	ઇનોવેટિવ	in	ઇન	14	466	ff	466	False	False	False	False	False	False	False	4	4	True	False	False	low_name_high_address
source2	S1-345575972	S2-93453226	India	Shivam Solutions LLP	శివం సొల్యూషన్స్ ఎల్‌ఎల్‌పీ	Rangareddy, Telangana, Syno. 177, Puppalaguda, Gandipet Mandal	SYNO. 77, RANGAREDDY, Telangana	latin	other	latin	latin	8.51	9.3	47.06	94.34	shivam	శివం	sh	శి	177	77	rangareddy	syno	False	False	False	False	False	False	False	3	5	True	False	False	low_name_high_address
source2	S1-660980751	S2-730801105	India	Best International LLP	बेस्ट इंटरनेशनल एलएलपी	Guptabhavan, Plotno.7, Sectorn-7-J, Nearfusecallcentre, Cidco, Aurangabad, Maharashtra	BLOCK A-C-192 GUPTABHAVAN, AURANGABAD, Maharashtra, PLOTNO.7, SECTORN-7-J, NEARFUSECALLCENTRE, CIDCO	latin	devanagari	latin	latin	9.09	9.09	65.52	100.0	best	बेस्ट	be	बे	7	192	guptabhavan	block	False	False	False	False	False	False	False	3	3	True	False	False	low_name_high_address
source2	S1-856211419	S2-13330346	US	Dia, Inc	Incorporated Dia,	675 Brookbend Court, Waxahachie, TX	BROOKBEND CT, WAXAHACHIE, TX	latin	latin	latin	latin	34.78	60.87	88.14	93.88	dia	incorporated	di	in	675		675	brookbend	False	False	False	False	False	False	False	2	2	True	False	False	low_name_high_address
source2	S1-904113010	S2-145026357	India	Navkar Tours LLP	L.L.P. NAVKAR TOURS	Plot No-11 Avanti Vihar, Lucknow, Uttar Pradesh	HN 123 PAOT NO-11 AVANTI VIHAR, LUCKNOW, उत्तर प्रदेश	latin	latin	latin	mixed_latin_devanagari	70.59	93.75	66.67	73.24	navkar	l	na	ll	11	123	avanti	hn	False	False	False	False	False	False	False	3	5	True	False	False	mixed_similarity
source2	S1-214884127	S2-714063931	US	Orthopedic Highland Medicine LLC	LLC Orthopedic Highland Medicine	14 Stafford Court, Loudoun County, VA	STAFFORD COURT, LOUDOUN COUNTY, VA	latin	latin	latin	latin	87.5	100.0	95.52	100.0	orthopedic	llc	or	ll	14		14	stafford	False	False	False	False	False	False	False	4	4	True	False	False	high_name_high_address
source2	S1-555331810	S2-927687234	India	Alpha Tech Private Limited	ఆల్ఫా టెక్ ప్రైవేట్ లిమిటెడ్	Sy No. 449/E, Dommara Pochampally Medchal-Malkajgiri District, Hyderabad, Telangana	HYDERABAD, Telangana, SY NO. 4-49/E	latin	other	latin	latin	11.11	11.11	34.23	91.53	alpha	ఆల్ఫా	al	ఆల	449	4	sy	hyderabad	False	False	False	False	False	False	False	4	4	True	False	False	low_name_high_address
source2	S1-251910741	S2-930977422	India	Red Aditya It Pvt Ltd	রেড আদিত্য আইটি প্রাইভেট লিমিটেড	College Para, Aurangabad, Murshidabad, West Bengal	West Bengal, MURSHIDABAD, PLOT 293 COLLEGE PARA, MURSHIDABAD	latin	other	latin	latin	15.09	15.09	46.15	88.89	red	রেড	re	রে		293	college	west	False	False	False	False	False	False	False	5	5	True	False	False	low_name_high_address
source2	S1-928345802	S2-527670990	India	High Energy Pvt Ltd	हाई एनर्जी प्रा. लि.	H.No-292, Takli (A) Tq.Paithan, Aurangabad, Maharashtra	Maharashtra, AURANGABAD, H.NO-492, AURANGABAD	latin	devanagari	latin	latin	16.22	16.22	47.83	93.1	high	हाई	hi	हा	292	492	takli	maharashtra	False	False	False	False	False	False	False	4	4	True	False	False	low_name_high_address
source2	S1-36216088	S2-418857877	India	Urban Food Private Limited	అర్బన్ ఫుడ్ ప్రైవేట్ లిమిటెడ్	Flat No.504/A, 5Th Floor, Plot No.1-98/4/1-13, 28&29, Image Garden Road Jain Sadguru Image S Capital Park Madhapur Village Serilingampally, Shaikpet, Hyderabad, Telangana	HYDERABAD, Telangana, RANGAREDDI, FLAT NO.506/A	latin	other	latin	latin	10.91	10.91	25.12	79.45	urban	అర్బన్	ur	అర	504	506	a	hyderabad	False	False	False	False	False	False	False	4	4	True	False	False	mixed_similarity
source2	S1-303213003	S2-936287283	US	Volk First Labs, LLC	LLC Volk First Lnrdb,s	2610 29th Place, Tulsa, OK	TULSA, 261 29TH PLACE, OK	latin	latin	latin	latin	68.29	87.8	72.34	97.87	volk	llc	vo	ll	2610	261	2610	tulsa	False	False	False	False	False	False	False	4	5	True	False	False	mixed_similarity
source2	S1-958016851	S2-765180306	India	Creative Infra Private Limited	Private Creative Infra Ltd	D-301, Plot No.1, Om Satyam Apartment Sector-Iv, Dwarka, New Delhi, West Delhi, Delhi	PLOT NO.1, OM SATYAM APARTMENT SECTOR-IV, DWARKA, NEW DELHI, D-301, दिल्ली, WEST DELHI	latin	latin	latin	mixed_latin_devanagari	64.29	92.86	84.28	100.0	creative	private	cr	pr	301	1	d	om	False	False	False	False	False	False	False	4	4	True	False	False	mixed_similarity
source2	S1-363881648	S2-22664626	India	Creative Investment Private Limited	ক্রিয়েটিভ ইনভেস্টমেন্ট প্রাইভেট লিমিটেড	West Bengal, South 24 Parganas, Dhapa, Sector-A, Metropolitan Co-Operative Housing Society Limited, Police Station- Pragati Maidan, Canal South Road, Kolkata, P-68	P-68, SECTOR-A, METROPOLITAN CO-OPERATIVE HOUSING SOCIETY LIMITED, POLICE STATION- PRAGATI MAIDAN, CANAL SOUTH ROAD, KOLKATA, SOUTH 24 PARGANAS, DHAPA, পশ্চিমবঙ্গ	latin	other	latin	latin	8.0	8.0	77.52	96.11	creative	ক্রিয়েটিভ	cr	ক্	24	68	west	p	False	False	False	False	False	False	False	4	4	True	False	False	low_name_high_address
source2	S1-446225826	S2-207294263	US	Dynamic Trusted Software Inc	INC DYNAMIC TRUSTED SOFTWARE	City Of El Paso, 925 Broadmoor Drive, TX	BROADMOOR DR, CITY OF EL PASO, TX	latin	latin	latin	latin	85.71	100.0	52.17	94.92	dynamic	inc	dy	in	925		city	broadmoor	False	False	False	False	False	False	False	4	4	True	False	False	high_name_high_address
source2	S1-735574718	S2-502994045	India	Armour Exports of Ahmedabad	Exports Ahmedabad of Armour	810-G, Ahmedabad, Titaniumcitycenter, 293/1/P, T.P-03. 100Ft.Road, Nr.Sachintower, Anandnagar, Ahmedabad, Gujarat	8-10-G, AHMEDABAD, Gujarat	latin	latin	latin	latin	62.96	100.0	37.5	88.37	armour	exports	ar	ex	810	8	810	8	False	False	False	False	False	False	False	4	4	True	False	False	mixed_similarity
source2	S1-643245576	S2-845000857	US	Mcgee Platinum Signs LLC	ECTOPYRA	459 General Kershaw Drive, Nashville, TN	459C GENERAL KERSHAW DR, OLD HICKORY, TN	latin	latin	latin	latin	18.75	18.75	73.68	76.32	mcgee	ectopyra	mc	ec	459	459c	459	459c	False	False	False	False	False	False	False	4	1	True	False	False	mixed_similarity
source2	S1-303213003	S2-800084063	US	Volk First Labs, LLC	First Volk LLC Labs,	2610 29th Place, Tulsa, OK	261 29TH PL, TULSA, OK	latin	latin	latin	latin	57.89	100.0	90.91	90.91	volk	first	vo	fi	2610	261	2610	261	False	False	False	False	False	False	False	4	4	True	False	False	low_name_high_address
source2	S1-394705639	S2-135005185	India	Shiva Logistics Private Limited	ಶಿವ ಲಾಜಿಸ್ಟಿಕ್ಸ್ ಪ್ರೈವೇಟ್ ಲಿಮಿಟೆಡ್	Neev Aura, Level 3, 19Th Main, Sector 3, Hsr Layout, 7/A, Bangalore, Karnataka, Bangalore	7/A, BANGALORE, Karnataka	latin	other	latin	latin	9.23	9.23	44.23	100.0	shiva	ಶಿವ	sh	ಶಿ	3	7	neev	7	False	False	False	False	False	False	False	4	4	True	False	False	low_name_high_address
source2	S1-663565958	S2-395479629	India	Hari Enterprises Private Limited	ਹਰੀ ਐਂਟਰਪ੍ਰਾਈਜ਼ਿਜ਼ ਪ੍ਰਾਈਵੇਟ ਲਿਮਟਿਡ	C/O Pooja, Padda Colony, Lohian Khas, Sultanpur, Jalandhar, Punjab	PADDA COLONY, LOHIAN KHAS, DOOR NO 500 C/O POOJA, ਪੰਜਾਬ, JALANDHAR, SULTANPUR	latin	other	latin	latin	9.09	9.09	60.15	93.91	hari	ਹਰੀ	ha	ਹਰ		500	c	padda	False	False	False	False	False	False	False	4	4	True	False	False	low_name_high_address
source3	S1-33429719	S3-533726647	India	East Tech Private Limited	Prívate East Tech Limited	Indis One City Hitech, Beside Malaysia Township, Tirumalagiri, Hyderabad, Telangana	Plot 468 Indis One City Hitech, Beside Malaysia Township, Tirumalagiri, Hyderabad, TG	latin	latin	latin	latin	68.0	96.0	90.0	93.24	east	prívate	ea	pr		468	indis	468	False	False	False	False	False	False	False	4	4	True	False	False	mixed_similarity
source3	S1-963433189	S3-434848749	India	Paper (india) Private Limited	Private Paper (india) Ltd	Chamorshi, At-Jogana, Po-Murmuri, Gadchiroli, C/O Suresh Jengathe, Maharashtra	C/o Suresh Jengathe, Gadchiroli, महाराष्ट्र	latin	latin	latin	mixed_latin_devanagari	60.0	92.0	40.35	84.51	paper	private	pa	pr			chamorshi	c	False	False	False	False	False	False	False	4	4	True	False	False	mixed_similarity
source3	S1-650414540	S3-554329044	India	Sky Marketing Private Limited	स्काई मार्केटिंग प्राइवेट लिमिटेड	Florentine Villa No 5, S No 60A/2/1B Cts Ghorpadi, Pune City, Pune, Maharashtra	Pune City, Pune, S No 60A/2/1B Cts Ghorpadi, Florentine Villa No 5, MH	latin	devanagari	latin	latin	9.68	9.68	60.99	97.35	sky	स्काई	sk	स्	5	60a	florentine	pune	False	False	False	False	False	False	False	4	4	True	False	False	low_name_high_address
source3	S1-91376895	S3-900851657	India	Hyderabad Cuisine Private Limited	Private Hyderabad Cuisine Ltd	Flat No. 101, Vamsiram'S Jyothi Vista Road No.5, Banjara Hills, Hyderabad, Telangana	Hyderabad, TG, 26, Hyderabad	latin	latin	latin	latin	67.74	93.55	30.77	75.0	hyderabad	private	hy	pr	101	26	vamsiram	hyderabad	False	False	False	False	False	False	False	4	4	True	False	False	mixed_similarity
source3	S1-153594731	S3-677554199	US	Wilkinson Meshflow LLC	Mirabrix	401 Carpenter Road, Snohomish, WA	40 Carpenter Road, Snohomish, Washington	latin	latin	latin	latin	13.33	20.0	86.96	87.27	wilkinson	mirabrix	wi	mi	401	40	401	40	False	False	False	False	False	False	False	3	1	True	False	False	low_name_high_address
source3	S1-606568823	S3-25476728	US	Zephiq Aviation, LLC	Llc Zephiq Aviation,	58 Frank Cameron Road, NY, Bolton	Frank Cameron Rd, Bolton Landing, New York	latin	latin	latin	latin	78.95	100.0	64.79	78.43	zephiq	llc	ze	ll	58		58	frank	False	False	False	False	False	False	False	3	3	True	False	False	mixed_similarity
source3	S1-631621013	S3-433241808	US	Atlas Square	Fluxectoiri	3144 Maple Drive, Reedsport, OR	3163 Maple Drive, Reedsport, Oregon	latin	latin	latin	latin	26.09	26.09	87.1	87.1	atlas	fluxectoiri	at	fl	3144	3163	3144	3163	False	False	False	False	False	False	False	2	1	True	False	False	low_name_high_address
source3	S1-970563629	S3-544181169	India	Seven Marketing Private Limited	Pyrabrix	New Delhi, Delhi, New Delhi, B.D. Chambers, 10/54, Desh Bandhu Road, Karol Bagh, No. 209	No. 209, B.D. Chambers, 10/54, Desh Bandhu Road, Karol Bagh, New Delhi, Delhi	latin	latin	latin	latin	20.51	15.38	70.27	100.0	seven	pyrabrix	se	py	10	209	new	b	False	False	False	False	False	False	False	4	1	True	False	False	low_name_high_address
source3	S1-927513065	S3-555185069	India	Bhubaneswar Network Private Limited	Private Bhubaneswar Netwok Limited	Plot No. - 590, Keutasahi Chhak, Kapileswar Old Town, Bhubaneswar, Dist - Khurda, Od, Isha, Bhubaneswar, Khordha, Orissa	Plot No. - 5-90, Khordha, ଓଡ଼ିଶା	latin	latin	latin	latin	75.36	98.55	30.08	71.43	bhubaneswar	private	bh	pr	590	5	keutasahi	90	False	False	False	False	False	False	False	4	4	True	False	False	mixed_similarity
source3	S1-782527730	S3-874075047	US	ISQ Five	lSQ Five	44 Wayne Drive, Eutaw, AL	24 Wayne Drive, Eutaw, Alabama	latin	latin	latin	latin	87.5	87.5	86.27	86.27	isq	lsq	is	ls	44	24	44	24	False	False	False	False	False	False	False	2	2	True	False	False	high_name_high_address
source3	S1-133479118	S3-709185163	India	Blue Construction LLP	ब्लू कंस्ट्रक्शन LLP	Delhi, C Block Yamuna Vihar, C-6/298, North East	Hn 204 C-6/298, C Block Yamuna Vihar, Delhi, North East, दिल्ली	latin	mixed_latin_devanagari	latin	mixed_latin_devanagari	24.39	26.09	65.38	100.0	blue	ब्लू	bl	ब्	6	204	delhi	hn	False	False	False	False	False	False	False	3	3	True	False	False	low_name_high_address
source3	S1-394064735	S3-336256833	India	Bagwe Wafers Private Limited	Sri Aviveramira	Sno 672/3A State Bank Hsg, Socy Shop N0.4 Bibawewadi, Pune City, Pune, Maharashtra	Socy Shop N0.4 Bibawewadi, MH, Pune, Pune City, Sno D/672/3a State Bank Hsg	latin	latin	latin	latin	32.56	37.21	56.38	96.06	bagwe	aviveramira	ba	av	672	0	sno	socy	False	False	False	False	False	False	False	4	2	True	False	False	low_name_high_address
source3	S1-581606301	S3-929770206	US	Rudloff's Crystal Metal Works	Yumabeloio t/a Rudloff's Crystal Metal Works	Unit 6, 100 Paradise Drive, TX, Nacogdoches	100 Paradise Drive, Unit 6, Nacogdoches, TX	latin	latin	latin	latin	79.45	100.0	80.0	100.0	rudloff	yumabeloio	ru	yu	6	100	6	100	False	False	False	False	False	False	False	5	8	True	False	False	mixed_similarity
source3	S1-974697730	S3-684774357	India	Radhakrishna Traders Limited	Service Radhakrishna Limited	Chennai, Sf. No. 26/1 West Mada Street, Chennai, Maduravoyel, Tamil Nadu	Hn 666 Sf. No. 26/1 West Mada Street, Chennai, TN	latin	latin	latin	latin	71.43	83.33	73.87	87.5	radhakrishna	service	ra	se	26	666	chennai	hn	False	False	False	False	False	False	False	3	3	True	False	False	mixed_similarity
source3	S1-157731220	S3-34073840	US	AW Superior Rogers LLC	LLC AW Superi0r Rogers	IN, Unit APT 12, Indianapolis, 1991 Campbell Avenue	1991 Campbell Avenue, # APT 12, Indianapolis, Indiana	latin	latin	latin	latin	77.27	95.45	52.08	91.67	aw	llc	aw	ll	12	1991	in	1991	False	False	False	False	False	False	False	4	4	True	False	False	mixed_similarity
source3	S1-651100599	S3-521256970	India	All Products Private Limited	A1l Private Products Limited	M1616 A, 16Th Floor The Magnolias Dlf Golf Links Dlf City, Dlf Qe, Gurgaon, Haryana	Plot 793 M1616 A, 16Th Floor The Magnolias Dlf Golf Links Dlf City, Gurgaon, Dlf Qe, HR	latin	latin	latin	latin	67.86	96.43	82.72	94.03	all	a1l	al	a1	1616	793	m1616	793	False	False	False	False	False	False	False	4	4	True	False	False	mixed_similarity
source3	S1-311387663	S3-101847360	India	Sadashiv Creations Private Limited	5ádashivcreations.Com	1203, Times Square Arcade, Opp. Rambaug, Nr, Ravija Plaza, Thaltej-Shilaj Road, Tha, Ltej, Ahmedabad, Gujarat	B3/1203, Times Square Arcade, Opp. Rambaug, Nr, Ravija Plaza, Thaltej-shilaj Road, Tha, Ltej, Ahmedabad, GJ	latin	latin	latin	latin	61.82	40.0	95.92	96.81	sadashiv	5ádashivcreations	sa	5á	1203	3	1203	b3	False	False	False	False	False	False	False	4	2	True	False	False	mixed_similarity
source3	S1-320583870	S3-788033697	US	Great Project Associates	6reat Project Associates	17560 Waterman Lane, Marana, AZ	17554 Waterman Lane, Marana, Arizona	latin	latin	latin	latin	95.83	95.83	85.71	85.71	great	6reat	gr	6r	17560	17554	17560	17554	False	False	False	False	False	False	False	3	3	True	False	False	high_name_high_address
source3	S1-285451793	S3-120585447	India	Constellation Earthmovers Limited	Earthmovers Constellation Limited	Mahua, Vaishali, Vill- Mahua Singh Rae, Tola-Mahua Singh Rae Post- Mahua, Ps-Mahua, Bihar	Vill- Mahua Snigh Rae, Tola-mahua Singh Rae Post- Mahua, Ps-mahua, Mahua, BR	latin	latin	latin	latin	63.64	100.0	84.21	88.0	constellation	earthmovers	co	ea			mahua	vill	False	False	False	False	False	False	False	3	3	True	False	False	mixed_similarity
source3	S1-341475409	S3-589832210	India	India Newleaf Energies Private Limited	Private India Nwleaf Energies Limited	Vasai, Ground Floor, Shubham Industrial Building No.2 Dhumal Nagar Vasai East, Maharashtra, Thane, Office Gala No.1	#0969 Office Gala No.1, Ground Floor, Shubham Industrial Building No.2 Dhumal Nagar Vasai East, Thane, Vasai, MH	latin	latin	latin	latin	77.33	98.67	75.93	95.7	india	private	in	pr	2	969	vasai	0969	False	False	False	False	False	False	False	5	5	True	False	False	mixed_similarity
source3	S1-797453242	S3-865263494	India	Chamundeshwari & Sons Limited	Limited Chamundeshwari & Sons	Shop No. 2, 2Nd Floor, Jagdamba Palace Near Gurgaon Dreamz Mall, Old Railway Ro, Ad, Gurugram, Gurgaon, Haryana	1, 2Nd Floor, Jagdamba Palace Near Gurgaon Dreamz Mall, Old Railway Ro, Ad, Gurgaon, Gurugram, HR	latin	latin	latin	latin	70.37	100.0	87.05	96.86	chamundeshwari	limited	ch	li	2	1	shop	1	False	False	False	False	False	False	False	3	3	True	False	False	mixed_similarity
source3	S1-504627734	S3-565677589	India	Kumaran Food Private Limited	Deltapyra	Gat No 605/1 Pirangutmulsi, Maharashtra, Pune	#398 Gat No 605/1 Pirangutmulsi, Pune, महाराष्ट्र	latin	latin	latin	mixed_latin_devanagari	21.62	32.43	69.66	83.78	kumaran	deltapyra	ku	de	605	398	gat	398	False	False	False	False	False	False	False	4	1	True	False	False	low_name_high_address
source3	S1-464958840	S3-610650867	India	Shakti Exports Private Limited	Fayesyn	11-4-19/3, Srinivasapuram Colony, Kovvuru, Andhra Pradesh	Hn 254 11-4-19/3, Kovvuru, Srinivasapuram Colony, ఆంధ్రప్రదేశ్	latin	latin	latin	latin	16.22	16.22	56.64	83.87	shakti	fayesyn	sh	fa	11	254	11	hn	False	False	False	False	False	False	False	4	1	True	False	False	low_name_high_address
source3	S1-26895703	S3-160266941	US	Moore Total Rain	Rain Moore Total	3945 Octavia Avenue, Chicago, IL	3945b Octavia Ave, Illinois, Chicago	latin	latin	latin	latin	68.75	100.0	78.12	84.38	moore	rain	mo	ra	3945	3945b	3945	3945b	False	False	False	False	False	False	False	3	3	True	False	False	mixed_similarity
source3	S1-865816013	S3-514143521	US	Shalne Roberts Global Assets LLC	robertsshalneglobal.com	2233 Behrend Drive, Unit 207, Phoenix, AZ	# 207, 2233 Behrend Drive, Arizona, Phoenix	latin	latin	latin	latin	54.55	54.55	73.68	89.47	shalne	robertsshalneglobal	sh	ro	2233	207	2233	207	False	False	False	False	False	False	False	5	2	True	False	False	low_name_high_address
source3	S1-46506909	S3-69478476	India	High Shyam Builders Pvt Ltd	ഹൈ ശ്യാം ബിൽഡേഴ്സ് പ്രൈവറ്റ് ലിമിറ്റഡ്	62/1963/B12, Muslim Orphanage Building, Kozhikode, Kerala	Kozikode, Kozhikode, 5-62/1963/B12, കേരളം	latin	other	latin	latin	12.31	12.31	30.43	71.19	high	ഹൈ	hi	ഹൈ	62	5	62	kozikode	False	False	False	False	False	False	False	5	5	True	False	False	mixed_similarity
source3	S1-963966855	S3-164195993	US	Myrtia Ray, MD, P.C.	Ray,, Myrtía MD, P.C.	210 5th Street, Unit Apartment E, City Of Marshfield, WI	21 5th St, # Apartment E, Marshield, Wisconsin	latin	latin	latin	latin	70.59	94.12	72.34	72.34	myrtia	ray	my	ra	210	21	210	21	False	False	False	False	False	False	False	5	5	True	False	False	mixed_similarity
source3	S1-817528443	S3-115176721	US	Thompson Better Deutsche LLC	LLC Th0mpson Better Deutsche	1347 Bluewater Road, Rockingham County, VA	Bluewater Road, Rockingham County, Virginia	latin	latin	latin	latin	82.14	96.43	86.42	88.89	thompson	llc	th	ll	1347		1347	bluewater	False	False	False	False	False	False	False	4	4	True	False	False	mixed_similarity
source3	S1-47313775	S3-605416013	India	Bright Exports Pvt Ltd	ब्राइट एक्सपोर्ट्स प्रा. लि.	Bhawanimandi, Jhalawar, Pachpahar Road, Rajasthan	Pachpahar Road, Bhawanimandi, Jhalawar, राजस्थान	latin	devanagari	latin	mixed_latin_devanagari	12.5	12.5	48.35	88.89	bright	ब्राइट	br	ब्			bhawanimandi	pachpahar	False	False	False	False	False	False	False	4	4	True	False	False	low_name_high_address
source3	S1-133050338	S3-283192436	US	Federal Floating	Féderalfloating.Com	200 Terry Avenue, Springdale, AR	184 Terry Ave, Springdale, Arkansas	latin	latin	latin	latin	80.0	80.0	76.19	76.19	federal	féderalfloating	fe	fé	200	184	200	184	False	False	False	False	False	False	False	2	2	True	False	False	mixed_similarity
source3	S1-185859119	S3-75089990	US	Hembree & Wireman Inc.	Center Hembree Wireman Inc.	914 Gatestone Forest Drive, Beasley, TX	Gatestone Forest Dr, Beasley, Texas	latin	latin	latin	latin	84.44	100.0	85.71	85.71	hembree	center	he	ce	914		914	gatestone	False	False	False	False	False	False	False	3	4	True	False	False	mixed_similarity
source3	S1-867998778	S3-807085228	India	Premier Sunrise International Private Limited	പ്രീമിയർ സൺറൈസ് ഇന്റർനാഷണൽ പ്രൈവറ്റ് ലിമിറ്റഡ്	House, 40/445, Mamangalam, Palarivattom P.O, Ernakulam, Ernakulam, Kerala	House, Ernakulam, Kerala, Keralam	latin	other	latin	latin	8.79	8.79	57.73	84.62	premier	പ്രീമിയർ	pr	പ്	40		40	ernakulam	False	False	False	False	False	False	False	5	5	True	False	False	low_name_high_address
source3	S1-219732879	S3-501279927	India	OIS Services Ltd	Iriquo	Kamman Halli, 1St Floor 5Th Main, Kullappa Circle, No.8, Bangalore, Karnataka	8/1, 1St Floor 5Th Main, Kullappa Circle, Bengaluru Hq Region, Bangalore, KA	latin	latin	latin	latin	27.27	27.27	72.73	78.63	ois	iriquo	oi	ir	1s	8	kamman	8	False	False	False	False	False	False	False	3	1	True	False	False	mixed_similarity
source3	S1-91646506	S3-186651762	India	Eastern Constructions Private Limited	ஈஸ்டர்ன் கன்ஸ்ட்ரக்ஷன்ஸ் பிரைவேட் லிமிடெட்	Madurai, 36A/12, Tamil Nadu, Khan Palayam, 4Th Street, Madurai North	Khan Palayam, 4Th Street, Madurai North, #36A/12, TN, Madurai	latin	other	latin	latin	7.59	7.59	62.71	96.7	eastern	ஈஸ்டர்ன்	ea	ஈஸ	36a	4t	madurai	khan	False	False	False	False	False	False	False	4	4	True	False	False	low_name_high_address
source3	S1-660980751	S3-131667507	India	Best International LLP	बेस्ट इंटरनेशनल एलएलपी	Guptabhavan, Plotno.7, Sectorn-7-J, Nearfusecallcentre, Cidco, Aurangabad, Maharashtra	#377 Guptabhavan, Regional Office Aurangabad, Aurangabad, महाराष्ट्र	latin	devanagari	latin	mixed_latin_devanagari	9.09	9.09	50.0	58.67	best	बेस्ट	be	बे	7	377	guptabhavan	377	False	False	False	False	False	False	False	3	3	True	False	False	low_name_low_address
source3	S1-361859792	S3-135249363	India	Sampati & Co	Smgi & Co	Delhi, House No 922, North West, Delhi, Khasra No 177 Ground Floor Near Shiv Mandir Village Jaunti	#97 House No 922, Delhi, North West, DL	latin	latin	latin	latin	70.59	70.59	44.96	90.62	sampati	smgi	sa	sm	922	97	delhi	97	False	False	False	False	False	False	False	2	2	True	False	False	mixed_similarity
source3	S1-408063271	S3-380895037	India	Panacea Inds Limited	Onyxpyrax D.B.A. Panacea Inds Limited	Ichapur Road, Kadamtala, Lp-217/14/4, Howrah, 62/11/1, West Bengal	62/11/1, Ichapur Road, Kadamtala, Lp-217/14/4, Howrah, West Bengal	latin	latin	latin	latin	71.43	100.0	86.89	100.0	panacea	onyxpyrax	pa	on	217	62	ichapur	62	False	False	False	False	False	False	False	3	7	True	False	False	mixed_similarity
source3	S1-489543846	S3-924726929	India	Shakti Logistics Private Limited	शक्ति लॉजिस्टिक्स प्राइवेट लिमिटेड	Plot No. Rb-500, Riico, Industries Area Karoli, Tizara, Alwar, Rajasthan	Plot No. Rb-50, Riico, Industries Area Karoli, Tizara, Tapokda, RJ	latin	devanagari	latin	latin	9.09	9.09	87.3	86.79	shakti	शक्ति	sh	शक	500	50	500	50	False	False	False	False	False	False	False	4	4	True	False	False	low_name_high_address
source3	S1-252968531	S3-748038715	India	Rk Products Limited	Sri productsrk.com	Pl.No.9, Sy.No.17, 2 Floor, Himagirinagar, Gandhamguda, Rajendra Nagar, Hyderabad, Telangana	Ranga Reddy, Sy.no.17, 2 Floor, Himagirinagar, Gandhamguda, Pl.no.10, Hyderabad, TG	latin	latin	latin	latin	64.86	64.86	75.78	86.45	rk	productsrk	rk	pr	9	17	pl	ranga	False	False	False	False	False	False	False	3	3	True	False	False	mixed_similarity
source3	S1-691616670	S3-806305714	India	Bharat Management	ভারত ম্যানেজমেন্ট	Santosh Roy Road Lp-41/4/6, South 24 Parganas, Kolkata, 230/4, West Bengal, Parganas South	##230/4, Santosh Roy Road Lp-41/4/6, South 24 Parganas, Kolkata, Parganas South, WB	latin	other	latin	latin	5.88	5.88	83.23	97.39	bharat	ভারত	bh	ভা	41	230	santosh	230	False	False	False	False	False	False	False	2	2	True	False	False	low_name_high_address
source3	S1-693364394	S3-589476892	US	Valdez and Murphy Energia Inc	Center Valdez & Murphy Inc	3911 Circle Drive, Wichita Falls, TX	4297 Circle Drive, Wichita Falls, Texas	latin	latin	latin	latin	64.15	83.02	87.32	87.32	valdez	center	va	ce	3911	4297	3911	4297	False	False	False	False	False	False	False	5	4	True	False	False	mixed_similarity
source3	S1-51279149	S3-633472822	US	Cozy Auto Body Inc	Ectotavo	2446 Main Street, Barnstable, MA	Barnstable, Massachusetts, 2447 Main St	latin	latin	latin	latin	30.77	23.08	38.81	74.63	cozy	ectotavo	co	ec	2446	2447	2446	barnstable	False	False	False	False	False	False	False	4	1	True	False	False	mixed_similarity
source3	S1-630257849	S3-130399752	India	Consulting Cristal Agro Private Limited	Pyrafluxwex	Medicine Tower 1St Floor Near Sajjad Nursing Home Hamidia Road, Bhopal, Madhya Pradesh	Block C-676 Medicine Tower 1St Floor Near Sajjad Nursing Home Hamidia Road, Bhopal, MP	latin	latin	latin	latin	20.0	16.0	85.71	90.2	consulting	pyrafluxwex	co	py	1s	676	medicine	block	False	False	False	False	False	False	False	5	1	True	False	False	low_name_high_address
source3	S1-93843316	S3-446557194	US	Ernesta Pearce, O.D., PC	Ectoarc	7430 Wasatch Boulevard, Unit J1, Cottonwood Heights, UT	430 Wasatch Boulevard, Utah, # J1, Cottonwood Heights	latin	latin	latin	latin	35.71	42.86	92.0	92.0	ernesta	ectoarc	er	ec	7430	430	7430	430	False	False	False	False	False	False	False	5	1	True	False	False	low_name_high_address
source3	S1-829050368	S3-817864615	US	Pierce Charles Inc	Inc Pierce Charles	1957 Old Conover Startown Road, Newton, NC	Old Conover Startown Road, Newton Township, North Carolina	latin	latin	latin	latin	77.78	100.0	72.92	88.89	pierce	inc	pi	in	1957		1957	old	False	False	False	False	False	False	False	3	3	True	False	False	mixed_similarity
source3	S1-721469485	S3-285139890	US	Primary Care Center of Staten Island Inc	Inc Primary Critr Center Of Staten Island	130 Hunter Avenue, Staten Island, NY	130C Hunter Ave, Staten Island, New York	latin	latin	latin	latin	83.95	93.83	86.11	88.89	primary	inc	pr	in	130	130c	130	130c	False	False	False	False	False	False	False	7	7	True	False	False	mixed_similarity
source3	S1-825385187	S3-674583547	US	Education Program LLC	peducation.com	2939 Country Place Circle, Carrollton, TX	3226 Country Place Cir, Carrollton, Texas	latin	latin	latin	latin	68.57	51.43	84.62	84.62	education	peducation	ed	pe	2939	3226	2939	3226	False	False	False	False	False	False	False	3	2	True	False	False	mixed_similarity
source3	S1-653766547	S3-331717660	India	East Energy Private Limited	Private East Energy [Limited]	1St Flr, 891, Savalanga Rd, Lal Bahadur Shastri Ngr, Shimoga, Karnataka	Flr, 891, Savalanga Rd, Lal Bahadur Shastri Ngr, Shimoga, KA	latin	latin	latin	latin	70.37	100.0	90.91	97.2	east	private	ea	pr	1s	891	1st	flr	False	False	False	False	False	False	False	4	4	True	False	False	mixed_similarity
source3	S1-296015030	S3-469916613	US	330 Park Avenue Management LLC	avenuepark330.com	21502 San Luis Pass Road, Galveston, TX	2150 San Luis Pass Road, Galveston, Texas	latin	latin	latin	latin	38.3	42.55	94.74	94.74	330	avenuepark330	33	av	21502	2150	21502	2150	False	False	False	False	False	False	False	5	2	True	False	False	low_name_high_address
source3	S1-950459000	S3-47277660	India	Creative North Systems Private Limited	Viodovavantage doing business as Creative North Systems Private Limited	Howrah, Kolkata, C/O Tamasree Ghosh Nabajiban Colony Bisharpara, West Bengal, Kolkata	C/O Tamasree Ghosh Nabajiban Colony Bisharpara, Kolkata, Howrah, West Bengal	latin	latin	latin	latin	69.72	100.0	75.32	100.0	creative	viodovavantage	cr	vi			howrah	c	False	False	False	False	False	False	False	5	9	True	False	False	mixed_similarity
source3	S1-91646506	S3-881324999	India	Eastern Constructions Private Limited	ஈஸ்டர்ன் கன்ஸ்ட்ரக்ஷன்ஸ் பிரைவேட் லிமிடெட்	Madurai, 36A/12, Tamil Nadu, Khan Palayam, 4Th Street, Madurai North	Khan Palayam, 4Th Street, TN, Madurai, Madurai North, #36A/12	latin	other	latin	latin	7.59	7.59	62.71	96.7	eastern	ஈஸ்டர்ன்	ea	ஈஸ	36a	4t	madurai	khan	False	False	False	False	False	False	False	4	4	True	False	False	low_name_high_address
source3	S1-348424826	S3-188114856	US	Lyons Strategic Iron Works LLC	Irinexevo	3712 Miranda Avenue, Gillette, WY	Miranda Ave, Wyoming, Gillette	latin	latin	latin	latin	20.51	25.64	71.19	77.97	lyons	irinexevo	ly	ir	3712		3712	miranda	False	False	False	False	False	False	False	5	1	True	False	False	mixed_similarity
source3	S1-320209096	S3-632642881	India	Om Foods Private Limited	Beloumbrakor	59, Type 2 Sec 1, Naya Nangal, Anandpur Sahib, Rupnagar, Punjab	#0515 59, Type 2 Sec 1, Naya Nangal, Anandpur Sahib, Rupnagar, ਪੰਜਾਬ	latin	latin	latin	latin	22.22	27.78	86.67	93.58	om	beloumbrakor	om	be	59	515	59	0515	False	False	False	False	False	False	False	4	1	True	False	False	low_name_high_address
source3	S1-938848060	S3-341995220	India	Silver Finance Private Limited	সিলভার ফাইন্যান্স প্রাইভেট লিমিটেড	Howrah, Kolkata, West Bengal, Garden Reach Jetty-2 20 Garden Reach Road	Block E-940 Garden Reach Jetty-2 20 Garden Reach Road, Kolkata, Howrah, পশ্চিমবঙ্গ	latin	other	latin	latin	9.38	9.38	63.95	87.76	silver	সিলভার	si	সি	2	940	howrah	block	False	False	False	False	False	False	False	4	4	True	False	False	low_name_high_address
source3	S1-589298046	S3-9144763	US	Nodyne	N0dyne	45 Ashington Lane, Nashville, TN	Tennessee, Nashville, Ashington Ln	latin	latin	latin	latin	83.33	83.33	54.84	80.65	nodyne	n0dyne	no	n0	45		45	tennessee	False	False	False	False	False	False	False	1	1	True	False	False	mixed_similarity
source3	S1-876109868	S3-585391791	US	Vick, Duffy and Vanderwerff Royce Inc	vdvanderwerff.com	Marion, 13289 Casey Road, IL	013655 Casey Road, Marion, Illinois	latin	latin	latin	latin	56.6	52.83	54.24	79.07	vick	vdvanderwerff	vi	vd	13289	13655	marion	013655	False	False	False	False	False	False	False	6	2	True	False	False	mixed_similarity
source3	S1-474532322	S3-460598788	India	Star Projects Private Limited	ଷ୍ଟାର୍ ପ୍ରୋଜେକ୍ଟସ୍ ପ୍ରାଇଭେଟ୍ ଲିମିଟେଡ୍	Flat No.A-312, 3Rd Floor, Dhpl Enclave 06, Near Pati, Bhubaneswar, Khordha, Orissa	Flat No.a-12, 3Rd Floor, Dhpl Enclave 06, Near Pati, Khorda, OD	latin	other	latin	latin	9.09	9.09	85.07	87.38	star	ଷ୍ଟାର୍	st	ଷ୍	312	12	312	12	False	False	False	False	False	False	False	4	4	True	False	False	low_name_high_address
source3	S1-635481769	S3-194384041	US	North Stardust	Quobrix	4606 Commodore Drive, Stow, OH	4608 Commodore Dr, Stoow, Ohio	latin	latin	latin	latin	19.05	19.05	85.71	85.71	north	quobrix	no	qu	4606	4608	4606	4608	False	False	False	False	False	False	False	2	1	True	False	False	low_name_high_address
source3	S1-680416224	S3-861958082	India	Tech Infotech Private Limited	టెక్ ఇన్ఫోటెక్ ప్రైవేట్ లిమిటెడ్	Sri Siddi Vinayaka Apartm, Telangana, Karimnagar, Karim Nagar, 8-6-375/3/8	4-6-375/3/8, Sri Siddi Vinayaka Apartm, Karim Nagar, Karimnagar, TG	latin	other	latin	latin	9.84	9.84	72.18	95.87	tech	టెక్	te	టె	8	4	sri	4	False	False	False	False	False	False	False	4	4	True	False	False	low_name_high_address
source3	S1-397106589	S3-541150088	India	Vijay Trading Private Limited	विजय ट्रेडिंग प्राइवेट लिमिटेड	Village Pavesara, Gudera, Mathura, Uttar Pradesh	Gudera, Mathura, UP, No 749 Village Pavesara	latin	devanagari	latin	latin	10.17	10.17	51.16	86.11	vijay	विजय	vi	वि		749	village	gudera	False	False	False	False	False	False	False	4	4	True	False	False	low_name_high_address
source3	S1-133479118	S3-493415409	India	Blue Construction LLP	ब्लू कंस्ट्रक्शन एलएलपी	Delhi, C Block Yamuna Vihar, C-6/298, North East	Hn 204 C-6/298, C Block Yamuna Vihar, Delhi, North East, दिल्ली	latin	devanagari	latin	mixed_latin_devanagari	9.09	9.09	65.38	100.0	blue	ब्लू	bl	ब्	6	204	delhi	hn	False	False	False	False	False	False	False	3	3	True	False	False	low_name_high_address
source3	S1-660980751	S3-25378956	India	Best International LLP	बेस्ट इंटरनेशनल एलएलपी	Guptabhavan, Plotno.7, Sectorn-7-J, Nearfusecallcentre, Cidco, Aurangabad, Maharashtra	##377 Guptabhavan, Regional Office Aurangabad, Aurangabad, MH	latin	devanagari	latin	latin	9.09	9.09	52.94	65.67	best	बेस्ट	be	बे	7	377	guptabhavan	377	False	False	False	False	False	False	False	3	3	True	False	False	mixed_similarity
source3	S1-356968386	S3-612363361	India	HGX Market Private Limited	Private HGX Market [Ltd]	Uttar Pradesh, Dharmshala Nawabganj, Bareilly, C/O Surendra Kumar Mo Kaharan Near Babu Ram, Nawabganj	Bareilly, UP, C/o Surendra Kumar Mo Kaharan Near Babu Ram	latin	latin	latin	latin	58.33	91.67	68.42	97.2	hgx	private	hg	pr			uttar	bareilly	False	False	False	False	False	False	False	4	4	True	False	False	low_name_high_address
source3	S1-431442616	S3-598348652	India	Om Consultants Private Limited	ॐ कंसल्टेंट्स प्राइवेट लिमिटेड	Thane, Office No. A1 & B1, Maharashtra, 9Th Floor, Ashar It Park, 16Z, Wagle Industrial Estate, Thane	MH, Thane, 9Th Floor, Ashar It Park, 16Z, Wagle Industrial Estate, Office No. A1 & B1, Thane	latin	devanagari	latin	latin	10.0	10.0	72.83	97.99	om	ॐ	om	ॐक	1	9t	thane	mh	False	False	False	False	False	False	False	4	4	True	False	False	low_name_high_address
source3	S1-489543846	S3-966650162	India	Shakti Logistics Private Limited	शक्ति लॉजिस्टिक्स प्राइवेट लिमिटेड	Plot No. Rb-500, Riico, Industries Area Karoli, Tizara, Alwar, Rajasthan	Plot No. Rb-50, Tizara, Tapokda, राजस्थान	latin	devanagari	latin	mixed_latin_devanagari	9.09	9.09	46.6	62.96	shakti	शक्ति	sh	शक	500	50	500	50	False	False	False	False	False	False	False	4	4	True	False	False	mixed_similarity
source3	S1-368767037	S3-407260704	US	Short Advanced Mitsui	5hort Advanced (Mitsui)	11926 Lois Lane Drive, Pinehurst, TX	Lois Lane Dr, PMB 1056, Pinehurst, Texas	latin	latin	latin	latin	95.24	95.24	70.42	78.87	short	5hort	sh	5h	11926	1056	11926	lois	False	False	False	False	False	False	False	3	3	True	False	False	mixed_similarity
source3	S1-8527176	S3-945014001	US	Crowder Holding Company LLC	Company Crowder Crowder Holding	3605 O Street, Washington, DC	O Street, Washington, District of Columbia	latin	latin	latin	latin	51.72	100.0	65.67	82.61	crowder	company	cr	co	3605		3605	o	False	False	False	False	False	False	False	4	4	True	False	False	low_name_high_address
source3	S1-797453242	S3-276412206	India	Chamundeshwari & Sons Limited	Dovacalo t/a Chamundeshwari & Sons Limited	Shop No. 2, 2Nd Floor, Jagdamba Palace Near Gurgaon Dreamz Mall, Old Railway Ro, Ad, Gurugram, Gurgaon, Haryana	Gurugram, Haryana, 2Nd Floor, Jagdamba Palace Near Gurgaon Dreamz Mall, Old Railway Ro, Ad, Gurgaon, Shop No. 2	latin	latin	latin	latin	80.6	100.0	79.61	100.0	chamundeshwari	dovacalo	ch	do	2	2n	shop	gurugram	False	False	False	False	False	False	False	3	6	True	False	False	mixed_similarity
source3	S1-126022071	S3-41744905	India	Jay Food Private Limited	ଜୟ ଫୁଡ୍ ପ୍ରାଇଭେଟ୍ ଲିମିଟେଡ୍	Orissa, Jagatsinghpur, Khata No 181 Nimidhi Gate Bazaar Paradeep Garh, C/O Ramesh Ch Nayak P.No 40, Jagatsinghapur	No. D/125 C/o Rameh Ch Nayak P.no 40, Khata No 181 Nimidhi Gate Bazaar Paradeep Garh, Jagatsinghapur, Jagatsinghpur, Orissa	latin	other	latin	latin	12.0	12.0	64.91	96.8	jay	ଜୟ	ja	ଜୟ	181	125	orissa	125	False	False	False	False	False	False	False	4	4	True	False	False	low_name_high_address
source3	S1-970563629	S3-898975774	India	Seven Marketing Private Limited	सेवन मार्केटिंग प्राइवेट लिमिटेड	New Delhi, Delhi, New Delhi, B.D. Chambers, 10/54, Desh Bandhu Road, Karol Bagh, No. 209	No 209, B.d. Chambers, 10/54, Desh Bandhu Road, Karol Bagh, New Delhi, दिल्ली	latin	devanagari	latin	mixed_latin_devanagari	9.52	9.52	69.8	100.0	seven	सेवन	se	से	10	209	new	b	False	False	False	False	False	False	False	4	4	True	False	False	low_name_high_address
source3	S1-938092819	S3-142479434	US	Peon Star Metals LP	Inc Peon Star Metals	2930 33rd Street, Indianapolis, IN	33rd St, Indianapolis, Indiana	latin	latin	latin	latin	82.05	91.43	76.67	76.67	peon	inc	pe	in	2930	33r	2930	33rd	False	False	False	False	False	False	False	4	4	True	False	False	mixed_similarity
source3	S1-229036658	S3-400410906	US	Allied Program Clinic	program allied clinic	3321 Ocean Drive, Manhattan, KS	Ocean Drive, Manhattan, Kansas	latin	latin	latin	latin	66.67	100.0	84.21	85.71	allied	program	al	pr	3321		3321	ocean	False	False	False	False	False	False	False	3	3	True	False	False	mixed_similarity
source3	S1-681098662	S3-643448803	US	Natassia's Cleaning Service	Cirairi	818 Sth 42, WI, Town Of Liberty Grove	818B Sth 42, Town Of Liberty Grove, Wisconsin	latin	latin	latin	latin	29.41	35.29	82.05	89.74	natassia	cirairi	na	ci	818	818b	818	818b	False	False	False	False	False	False	False	4	1	True	False	False	low_name_high_address
source3	S1-274659648	S3-218749853	US	Integrated Media Concepts Corp	Calokeloevo	Kingsport, 3907 Skyland Drive, TN	390 Skyland Drive, Kingsport, Tennessee	latin	latin	latin	latin	24.39	24.39	58.82	88.24	integrated	calokeloevo	in	ca	3907	390	kingsport	390	False	False	False	False	False	False	False	4	1	True	False	False	low_name_high_address
source3	S1-430980477	S3-689660602	India	International Infra Private Limited	Pvriate International Infra Limited	No. 61, Whitefield Road, Mahadevapura, Bangalore, Karnataka	No. 6-1, Bangalore, KA	latin	latin	latin	latin	77.14	97.14	49.32	77.42	international	pvriate	in	pv	61	6	whitefield	1	False	False	False	False	False	False	False	4	4	True	False	False	mixed_similarity
source3	S1-839132496	S3-623393251	India	Apex Foundation Limited	एपेक्स फाउंडेशन लिमिटेड	C-5, Chemical Zone, M.I.D.C.Kalyan Badlapur Road, Amernath (West), Mumbai, Maharashtra	831 C-5, Chemical Zone, M.i.d.c.kalyan Badlapur Road, Mumbai, Amernath (West), महाराष्ट्र	latin	devanagari	latin	mixed_latin_devanagari	8.7	8.7	75.78	91.55	apex	एपेक्स	ap	एप	5	831	c	831	False	False	False	False	False	False	False	3	3	True	False	False	low_name_high_address
source3	S1-859649679	S3-398927335	India	Marketing Sharda Marketing Private Limited	Rizaonyxevo	Flat No. 101, Plot No. 462, H No. 1-62/462, Sri Balaji Residency, Kakatiya Hills, Guttala Begumpet, Shaikpet, Hyderabad, Telangana	3-101, Plot No. 462, H No. 1-62/462, Sri Balaji Residency, Kakatiya Hills, Guttala Begumpet, Shaikpet, Hyderabad, TG	latin	latin	latin	latin	18.87	18.6	93.33	97.41	marketing	rizaonyxevo	ma	ri	101	3	62	3	False	False	False	False	False	False	False	5	1	True	False	False	low_name_high_address
source3	S1-666365068	S3-791060436	India	Gajanan Films Corporation	6ajanan Corporation Films	Muktsar, Gidderbaha, T H G Marketing Private Limited Opposite Municipal Park Road, Punjab	T H G Marketing Private Limited Opposite Municipal Park Road, Muktsar, Gidderbaha, PB	latin	latin	latin	latin	72.0	96.0	76.19	98.14	gajanan	6ajanan	ga	6a			muktsar	t	False	False	False	False	False	False	False	3	3	True	False	False	mixed_similarity
source3	S1-274659648	S3-304749447	US	Integrated Media Concepts Corp	Corp Integrated Mcedaf Cóncepts	Kingsport, 3907 Skyland Drive, TN	390 Skyland Drive, Kingsport, Tennessee	latin	latin	latin	latin	75.41	91.8	58.82	88.24	integrated	corp	in	co	3907	390	kingsport	390	False	False	False	False	False	False	False	4	4	True	False	False	mixed_similarity
source3	S1-12240557	S3-454073329	India	Lakshmi Developers	లక్ష్మీ డెవలపర్స్	12Thfloor, Manjeeratrinity, Jntu-Hitechcityroad, Kphb, Tirumalagiri, Hyderabad, Telangana	1-2Thfloor, Manjeeratrinity, Jntu-hitechcityroad, Kphb, Tirumalagiri, Hyderabad, TG	latin	other	latin	latin	5.71	5.71	95.0	95.0	lakshmi	లక్ష్మీ	la	లక	12t	1	12thfloor	1	False	False	False	False	False	False	False	2	2	True	False	False	low_name_high_address
source3	S1-623993543	S3-155968076	India	Swastik Technology LLP	സ്വസ്തിക് ടെക്നോളജി എൽഎൽപി	11/293, Nadackal, Erattupetta, Kottayam, Kerala	171. 11/293, Nadackal, Kottayam, KL	latin	other	latin	latin	8.33	8.33	72.97	87.27	swastik	സ്വസ്തിക്	sw	സ്	11	171	11	171	False	False	False	False	False	False	False	3	3	True	False	False	low_name_high_address
source3	S1-524840144	S3-146689487	India	Rangareddy Exports Limited	Exports	Flat No.69, 231, Part 316, Diamond Road, Nallagandla, Gopannapalli, Sherrlingampa, Lli, Rangareddy, Hyderabad, Telangana	Rangareddy, 231, Part 316, Diamond Road, Nallagandla, Gopannapalli, Sherrlingampa, Lli, Hyderabad, Flat No.69, Telangana	latin	latin	latin	latin	42.42	100.0	82.73	100.0	rangareddy	exports	ra	ex	69	231	231	rangareddy	False	False	False	False	False	False	False	3	1	True	False	False	low_name_high_address
source3	S1-141784862	S3-483398348	US	Peralta Pioneer Keen, LLC	LLC Peralta Pioneer Ka,	29523 Water Willow Trace Drive, Spring, TX	Water Willow Trace Dr, Spring, Texas	latin	latin	latin	latin	73.91	92.68	83.78	84.75	peralta	llc	pe	ll	29523		29523	water	False	False	False	False	False	False	False	4	4	True	False	False	mixed_similarity
source3	S1-534799627	S3-22575463	US	Person and Tran	pérsontran.com	12516 Capitol Saddlery Trail, Austin, TX	1251 Capitol Saddlery Trl, Austin, Texas	latin	latin	latin	latin	62.07	68.97	92.11	86.84	person	pérsontran	pe	pé	12516	1251	12516	1251	False	False	False	False	False	False	False	3	2	True	False	False	mixed_similarity
source3	S1-375621255	S3-855593814	India	Brit Law Chambers	Law Brit Services	G-2, 1/28, Tilak Nagar, New Delhi, West Delhi, Delhi	Plot 146 G-2, 1/28, Tilak Nagar, New Delhi, Tilak Nagar, DL	latin	latin	latin	latin	47.06	70.59	71.29	92.31	brit	law	br	la	2	146	g	146	False	False	False	False	False	False	False	3	3	True	False	False	low_name_high_address
source3	S1-182472925	S3-725129384	India	Charu Brew Private Limited	Smt cbprivate.com	P.No.917A, Sf.No.247/2, 6Th West Cross Road, Gandhi Nagar, Katpadi Urban Extn, Vellore, Tamil Nadu	Block G-526/1 P.no.917a, Sf.no.247/2, 6Th West Cross Road, Gandhi Nagar, Katpadi Urban Extn, Vellore, TN	latin	latin	latin	latin	51.16	37.21	88.42	93.41	charu	cbprivate	ch	cb	917a	526	p	block	False	False	False	False	False	False	False	4	3	True	False	False	low_name_high_address
source3	S1-958016851	S3-222487454	India	Creative Infra Private Limited	क्रिएटिव इंफ्रा प्राइवेट लिमिटेड	D-301, Plot No.1, Om Satyam Apartment Sector-Iv, Dwarka, New Delhi, West Delhi, Delhi	Block A-818 D-301, Plot No.1, Om Satyam Apartment Sector-iv, Dwarka, New Delhi, West Delhi, दिल्ली	latin	devanagari	latin	mixed_latin_devanagari	9.68	9.68	86.55	100.0	creative	क्रिएटिव	cr	क्	301	818	d	block	False	False	False	False	False	False	False	4	4	True	False	False	low_name_high_address
source3	S1-32551850	S3-615355244	India	Shiva Engineering Private Limited	शिवा इंजीनियरिंग प्राइवेट लिमिटेड	Plot No-Cp-53 & Cp-44, Sitapur Road Yojna, Sector-E, Jankipuram, Lucknow, Uttar Pradesh	Block E-501- Plot No-cp-53 & Cp-44, Lucknow, UP	latin	devanagari	latin	latin	9.09	9.09	49.18	80.0	shiva	शिवा	sh	शि	53	501	53	block	False	False	False	False	False	False	False	4	4	True	False	False	low_name_high_address
source3	S1-863997012	S3-625988849	US	Ear Nose & Throat Superior Care Associates	Jaxxylo	1865 Moran Court, Cimarron Hills, CO	1645 Moran Court, Colorado Springs, Colorado	latin	latin	latin	latin	8.51	8.51	65.79	65.67	ear	jaxxylo	ea	ja	1865	1645	1865	1645	False	False	False	False	False	False	False	6	1	True	False	False	mixed_similarity
source3	S1-976485117	S3-300802275	India	Allied Healthcare	Quoveo	City Sr No 170 Word No 1, Plot 255-256/B, Bhavnagar, Gujarat	Plot 255-256/B, Bhavnagar, City Sr No 170 Word No 1, Gujarat, Bhavnagar	latin	latin	latin	latin	8.7	8.7	58.06	100.0	allied	quoveo	al	qu	170	255	city	255	False	False	False	False	False	False	False	2	1	True	False	False	low_name_high_address
source3	S1-374766299	S3-442564934	India	Green Products Pvt Ltd	ग्रीन Products Pvt Ltd	H- 34- B F/F Gewa Sampada, Cghs, Arjun Apt, New Delhi, West Delhi, Delhi	Plot #278 H- 34- B F/f Gewa Sampada, Cghs, Arjun Apt, New Delhi, West Delhi, DL	latin	mixed_latin_devanagari	latin	latin	77.27	84.21	91.18	100.0	green	ग्रीन	gr	ग्	34	278	b	278	False	False	False	False	False	False	False	4	4	True	False	False	mixed_similarity
source3	S1-505753870	S3-230234288	India	Digital Agro Pvt Ltd	Pvt Digital Ag Ltd	Cts No. 41, Plot No. 14, Shop No. S 11, Swaroop Complex, Karve Road, Pune City, Pune, Maharashtra	Block D-840 Cts No. 41, Pune City, MH	latin	latin	latin	latin	73.68	94.74	41.32	71.7	digital	pvt	di	pv	41	840	cts	block	False	False	False	False	False	False	False	4	4	True	False	False	mixed_similarity
source3	S1-589897012	S3-722585203	US	Dugan Rocky Mid	Mirazeta d/b/a Dugan Rocky Mid	941 Hesters Crossing Road, Unit 3306, Round Rock, TX	Unit 3306, TX, Round Rock, 941 Hesters Crossing Road	latin	latin	latin	latin	66.67	100.0	51.02	100.0	dugan	mirazeta	du	mi	941	3306	941	3306	False	False	False	False	False	False	False	3	7	True	False	False	mixed_similarity
source3	S1-207329319	S3-886772558	US	Dido Johnson Affiliated LLC	Nexflux D.B.A. Dido Johnson Affiliated LLC	12 Meeting House Lane, Unit 204, Scituate, MA	MA, Scituate, Unit 204, 12 Meeting House Lane	latin	latin	latin	latin	79.41	100.0	50.0	100.0	dido	nexflux	di	ne	12	204	12	ma	False	False	False	False	False	False	False	4	8	True	False	False	mixed_similarity
source3	S1-472872032	S3-98377200	India	Zeus & Sons Private Limited	Private Zeus & S0ns Limited	116-A, Silicon City, Opp.Emerald Ht. School Po At Rajendra Nagar, Ab Road, Indore, Madhya Pradesh	16-A, Ab Road, Indore, MP	latin	latin	latin	latin	64.0	96.0	38.94	84.21	zeus	private	ze	pr	116	16	116	16	False	False	False	False	False	False	False	4	4	True	False	False	mixed_similarity
source3	S1-666365068	S3-64300662	India	Gajanan Films Corporation	Lumhalo	Muktsar, Gidderbaha, T H G Marketing Private Limited Opposite Municipal Park Road, Punjab	T H G Marketing Private Limited Opposite Municipal Park Road, Gidderbaha, Punjab, Muktsar	latin	latin	latin	latin	25.0	18.75	77.91	100.0	gajanan	lumhalo	ga	lu			muktsar	t	False	False	False	False	False	False	False	3	1	True	False	False	low_name_high_address
source3	S1-726365524	S3-913119857	India	Classic Trading Private Limited	क्लासिक ट्रेडिंग प्राइवेट लिमिटेड	Office No. 7 & 8, Sector - 2, Plot No. - 2, Phase - Ii, Nerul (West), Navi Mumbai, Thane, Maharashtra	महाराष्ट्र, Sector - 2, Plot No. - 2, Phase - Ii, Nerul (West), Navi Mumbai, Thane, Office No. 7 & 8	latin	devanagari	latin	mixed_latin_devanagari	9.38	9.38	71.17	92.2	classic	क्लासिक	cl	क्	7	2	office	महाराष्ट्र	False	False	False	False	False	False	False	4	4	True	False	False	low_name_high_address
source3	S1-184112563	S3-996874380	India	Royal Constructions Private Limited	రాయల్ కన్‌స్ట్రక్షన్స్ ప్రైవేట్ లిమిటెడ్	H. No. 7-9/5, 8Th Street, Jsn Colony Habsiguda, Hyderabad, Telangana	8Th Street, Jsn Colony Habsiguda, Hyderabad, Door No 7-9/5, Hyderabad, తెలంగాణ	latin	other	latin	latin	8.0	8.0	66.67	89.29	royal	రాయల్	ro	రా	7	8t	9	8th	False	False	False	False	False	False	False	4	5	True	False	False	low_name_high_address
source3	S1-98323209	S3-763434414	US	Leonore Reyes Rapid Pampa	Reyes, Le0nore Rapid Pampa	8926 Livenshire Drive, Dallas, TX	Dallas, Texas, 926 Livenshire Drive	latin	latin	latin	latin	72.0	96.0	62.5	93.75	leonore	reyes	le	re	8926	926	8926	dallas	False	False	False	False	False	False	False	4	4	True	False	False	mixed_similarity
source3	S1-842019434	S3-979700446	India	Sky All Technology Private Limited	स्काई ऑल टेक्नोलॉजी प्राइवेट लिमिटेड	32-B, Ff Ashoka Avenue, Sainik Farm, New Delhi, South Delhi, Delhi	Plot D/626 32-B, New Delhi, South Delhi, DL	latin	devanagari	latin	latin	11.43	11.43	57.43	74.07	sky	स्काई	sk	स्	32	626	32	d	False	False	False	False	False	False	False	5	5	True	False	False	mixed_similarity
source3	S1-925715075	S3-64804084	US	Peters Custom Alphabet	Alphabet Clhdshtom Peters	15225 Shalimar Drive, Wilmer, AL	Shalimar Drive, Wilmer, Alabama	latin	latin	latin	latin	55.32	89.36	81.36	84.0	peters	alphabet	pe	al	15225		15225	shalimar	False	False	False	False	False	False	False	3	3	True	False	False	low_name_high_address
source3	S1-976150307	S3-137263496	India	Baba Shree Developers Limited	பாபா ஸ்ரீ டெவலப்பர்ஸ் லிமிடெட்	New No.278/102, 4Th Floor Peters Road Royapettah, Chennai, Tamil Nadu	4Th Floor Peters Road Royapettah, Chennai, H.no G-278/102, TN	latin	other	latin	latin	10.17	10.17	69.35	93.58	baba	பாபா	ba	பா	278	4t	new	peters	False	False	False	False	False	False	False	4	4	True	False	False	low_name_high_address
source3	S1-624714972	S3-206141879	US	Hein Modern Xrp	Xrp Modern Hein	6870 Foley-beach Express, Unit Unit 106, Orange Beach, AL	Foley-Beach Express, Unit Unit 106, Orange Beach, Alabama	latin	latin	latin	latin	53.33	100.0	90.74	89.74	hein	xrp	he	xr	6870	106	6870	foley	False	False	False	False	False	False	False	3	3	True	False	False	low_name_high_address
source3	S1-695606943	S3-552051944	India	All Builders LLP	ऑल बिल्डर्स LLP	205, Flr-2Nd, Plot 66-F, Steel Center, Sant Tukdoji Maharaj Road, Tata Power Carnac Bunder, Ch, Inchbunder, Mumbai, Mumbai City, Maharashtra	Mumbai City, Flr-2nd, Plot 66-F, Steel Center, Sant Tukdoji Maharaj Road, Tata Power Carnac Bunder, Ch, Inchbunder, Mumbai, महाराष्ट्र, 205	latin	mixed_latin_devanagari	latin	mixed_latin_devanagari	32.26	33.33	81.08	95.28	all	ऑल	al	ऑल	205	2n	205	mumbai	False	False	False	False	False	False	False	3	3	True	False	False	low_name_high_address
source3	S1-802535179	S3-415785756	US	Goar Stone LLC	[Stone] Goar LLC	2105 Wood Ridge Cove, Cedar Park, TX	Wood Ridge Cv, Cedar Park, Texas	latin	latin	latin	latin	64.29	100.0	84.38	84.38	goar	stone	go	st	2105		2105	wood	False	False	False	False	False	False	False	3	3	True	False	False	mixed_similarity
source3	S1-251910741	S3-830309493	India	Red Aditya It Pvt Ltd	রেড আদিত্য আইটি প্রাইভেট লিমিটেড	College Para, Aurangabad, Murshidabad, West Bengal	No. G-610 College Para, Aurangabad, Murshidabad, WB	latin	other	latin	latin	15.09	15.09	80.85	85.37	red	রেড	re	রে		610	college	610	False	False	False	False	False	False	False	5	5	True	False	False	low_name_high_address
source3	S1-653766547	S3-149268343	India	East Energy Private Limited	ಈಸ್ಟ್ ಎನರ್ಜಿ ಪ್ರೈವೇಟ್ ಲಿಮಿಟೆಡ್	1St Flr, 891, Savalanga Rd, Lal Bahadur Shastri Ngr, Shimoga, Karnataka	Shimoga, KA, Flr, 891, Savalanga Rd, Lal Bahadur Shastri Ngr	latin	other	latin	latin	10.53	10.53	76.03	97.2	east	ಈಸ್ಟ್	ea	ಈಸ	1s	891	1st	shimoga	False	False	False	False	False	False	False	4	4	True	False	False	low_name_high_address
source3	S1-979621542	S3-315989076	US	Romisoft	R0sift	Unit APARTMENT 28, 3904 Lori Drive, KY, Erlanger	3904 Lori Dr, Unit Apartment 28, Erlanger Ky, Kentucky	latin	latin	latin	latin	57.14	57.14	54.17	92.86	romisoft	r0sift	ro	r0	28	3904	28	3904	False	False	False	False	False	False	False	1	1	True	False	False	low_name_high_address
source3	S1-785596927	S3-110844528	India	Ganpati & Co	Smt Gsanaptit and Co #56067	Level 5, Dnyanvatsal Complex, Opp. Vandevi Mandir, Karve Nagar, Pune, Maharashtra	H.no 546 Lecel 5, Pune, महाराष्ट्र	latin	latin	latin	mixed_latin_devanagari	50.0	50.0	26.17	31.78	ganpati	gsanaptit	ga	gs	5	546	level	lecel	False	False	False	False	False	False	False	2	5	True	False	False	low_name_low_address
source3	S1-929565562	S3-16923308	US	Redwood LLC	LLC Redwood	7384 Stout Road, Germantown, TN	Stout Road, PMB 3132, Germantown, Tennessee	latin	latin	latin	latin	63.64	100.0	69.57	84.0	redwood	llc	re	ll	7384	3132	7384	stout	False	False	False	False	False	False	False	2	2	True	False	False	mixed_similarity
source3	S1-33429719	S3-821395373	India	East Tech Private Limited	ఈస్ట్ టెక్ Private Limited	Indis One City Hitech, Beside Malaysia Township, Tirumalagiri, Hyderabad, Telangana	Plot 468 Indis One City Hitech, Beside Malaysia Township, Hyderabad, Tirumalagiri, TG	latin	latin	latin	latin	66.67	75.0	77.5	93.24	east	ఈస్ట్	ea	ఈస		468	indis	468	False	False	False	False	False	False	False	4	4	True	False	False	mixed_similarity
source3	S1-800766628	S3-788883776	US	Physical Therapy Rocky Associates Inc.	rockytherapyphysical.com	125 Villa Avenue, NY, Yonkers	125A Villa Avenue, Yonkers, New York	latin	latin	latin	latin	45.9	45.9	78.69	88.52	physical	rockytherapyphysical	ph	ro	125	125a	125	125a	False	False	False	False	False	False	False	5	2	True	False	False	low_name_high_address
source3	S1-486380508	S3-786352077	US	Chesney Meridian LP	LP Chesney Meridian	505 Harvest Hills Drive, Woodbine, IA	05 Harvest Hills Dr, Woodbine, Iowa	latin	latin	latin	latin	84.21	100.0	91.18	91.18	chesney	lp	ch	lp	505	5	505	05	False	False	False	False	False	False	False	3	3	True	False	False	mixed_similarity
source3	S1-126022071	S3-285643585	India	Jay Food Private Limited	ଜୟ ଫୁଡ୍ ପ୍ରାଇଭେଟ୍ ଲିମିଟେଡ୍	Orissa, Jagatsinghpur, Khata No 181 Nimidhi Gate Bazaar Paradeep Garh, C/O Ramesh Ch Nayak P.No 40, Jagatsinghapur	No D/125 C/o Rameh Ch Nayak P.no 40, Jagatsinghapur, Jagatsinghpur, Orissa	latin	other	latin	latin	12.0	12.0	51.93	90.32	jay	ଜୟ	ja	ଜୟ	181	125	orissa	125	False	False	False	False	False	False	False	4	4	True	False	False	low_name_high_address
source3	S1-979621542	S3-681736651	US	Romisoft	Irideltawexio fka Romisoft	Unit APARTMENT 28, 3904 Lori Drive, KY, Erlanger	3904 Lori Drive, Unit APARTMENT 28, Erlanger, KY	latin	latin	latin	latin	47.06	100.0	57.78	100.0	romisoft	irideltawexio	ro	ir	28	3904	28	3904	False	False	False	False	False	False	False	1	3	True	False	False	low_name_high_address
