threshold	entity_macro_f05	pair_precision	pair_recall	pair_f05
0.05	0.8340448559629867	0.7935103244837758	0.9889705882352942	0.8261670761670762
0.06	0.8432524739093281	0.8072072072072072	0.9882352941176471	0.8379052369077307
0.07	0.8485708628613997	0.8221949724095647	0.9860294117647059	0.8504566210045662
0.08	0.8551586056059031	0.835308796007486	0.9845588235294118	0.861425630468348
0.09	0.8583991774351561	0.8404522613065326	0.9838235294117647	0.8656832298136646
0.1	0.8620063255674651	0.845034788108792	0.9823529411764705	0.8693388859968766
0.11	0.8658722416692121	0.8509554140127389	0.9823529411764705	0.8743455497382199
0.12	0.86729648265541	0.8535805626598465	0.9816176470588235	0.8764443277310925
0.13	0.8703074936899219	0.8588917525773195	0.9801470588235294	0.8806818181818182
0.14	0.8782938911351479	0.8633419689119171	0.9801470588235294	0.8844214437367304
0.15	0.8808447610120408	0.8683181225554107	0.9794117647058823	0.8884738527214514
0.16	0.8841590310886974	0.8733595800524935	0.9786764705882353	0.8925697424892703
0.17	0.8894721387500922	0.8779683377308707	0.9786764705882353	0.896417025862069
0.18	0.8920983729888922	0.8825481088254811	0.9779411764705882	0.9001082837033026
0.19	0.8935202271739042	0.8848202396804261	0.9772058823529411	0.9018729641693811
0.2	0.8937396593222158	0.8869565217391304	0.975	0.9032697547683923
0.21	0.8954391774183208	0.8893360160965795	0.975	0.9052430365920262
0.22	0.8961096769705804	0.8915824915824916	0.9735294117647059	0.9068493150684932
0.23	0.8965633449242483	0.8925675675675676	0.9713235294117647	0.9072802197802198
0.24	0.8973442644683166	0.8947725729803123	0.9691176470588235	0.9087148372862659
0.25	0.8993054503711501	0.8976109215017065	0.9669117647058824	0.9106648199445984
0.26	0.9017988440742212	0.9006168608636053	0.9661764705882353	0.9130072262367982
0.27	0.9042839631218402	0.9023383768913342	0.9647058823529412	0.9141583054626533
0.28	0.9056624322726583	0.9041379310344828	0.9639705882352941	0.9155027932960894
0.29	0.9121159552035539	0.9097222222222222	0.9632352941176471	0.9199438202247191
0.3	0.9129730339800405	0.9114982578397213	0.961764705882353	0.9211267605633803
0.31	0.9144387723479528	0.9133473095737247	0.9610294117647059	0.9225014116318464
0.32	0.9150340104431911	0.9145658263305322	0.9602941176470589	0.9233597285067874
0.33	0.9162291174195478	0.9169598874032372	0.9580882352941177	0.924900624645088
0.34	0.917281107493887	0.9187279151943463	0.9558823529411765	0.9259259259259259
0.35	0.9174894408272203	0.9199149539333806	0.9544117647058824	0.9266133637921188
0.36	0.9177870598748393	0.9205110007097232	0.9536764705882353	0.9269582618639223
0.37	0.9194326537445713	0.9224199288256227	0.9529411764705882	0.9283667621776505
0.38	0.9192976271815161	0.9234620886981402	0.9492647058823529	0.9285097813578826
0.39	0.9199801929709898	0.9247311827956989	0.9485294117647058	0.9293948126801153
0.4	0.9188993359793381	0.9273381294964029	0.9477941176470588	0.9313583815028902
0.41	0.9175898121698143	0.9278499278499278	0.9455882352941176	0.9313441483198146
0.42	0.9172543712130599	0.9297610427226647	0.9441176470588235	0.9325973271353865
0.43	0.9185548762635648	0.9310595065312046	0.9433823529411764	0.9334982537834692
0.44	0.9213916787477164	0.9336250911743253	0.9411764705882353	0.9351256575102279
0.45	0.9234750120810498	0.9349415204678363	0.9404411764705882	0.9360362997658079
0.46	0.9257505508697464	0.9375	0.9375	0.9375
0.47	0.9238944902636859	0.9381443298969072	0.9367647058823529	0.9378680800942285
0.48	0.9255124556316513	0.9415680473372781	0.9360294117647059	0.9404550827423168
0.49	0.9247712177029134	0.9420935412026726	0.9330882352941177	0.9402786010669828
0.5	0.9256276888180053	0.9434523809523809	0.9323529411764706	0.9412114014251781
0.51	0.9263607945603022	0.9461883408071748	0.9308823529411765	0.9430870083432658
0.52	0.9292244760177334	0.9475262368815592	0.9294117647058824	0.9438470728793309
0.53	0.9286413091845667	0.9474474474474475	0.9279411764705883	0.9434808612440191
0.54	0.9289473075570881	0.9486792452830188	0.924264705882353	0.9436936936936937
0.55	0.9294736233465616	0.9493957703927492	0.924264705882353	0.9442608173076923
0.56	0.929505500976156	0.95	0.9220588235294118	0.9442771084337349
0.57	0.9304564962528094	0.9514047076689446	0.9213235294117647	0.9452323476161738
0.58	0.9307169129194759	0.9520912547528517	0.9205882352941176	0.945619335347432
0.59	0.9298788447376577	0.9519450800915332	0.9176470588235294	0.9448818897637795
0.6	0.9310950243913374	0.9540933435348126	0.9169117647058823	0.9464177292046144
0.61	0.9323644520807435	0.9562547966231773	0.9161764705882353	0.94796104686549
0.62	0.9320703344336846	0.9561875480399693	0.9147058823529411	0.947592931139549
0.63	0.9317589120198915	0.9561200923787528	0.913235294117647	0.9472239170225747
0.64	0.9317589120198915	0.9561200923787528	0.913235294117647	0.9472239170225747
0.65	0.932680422031015	0.9582689335394127	0.9117647058823529	0.9485924112607099
0.66	0.9324232140816001	0.9588828549262994	0.9088235294117647	0.9484346224677717
0.67	0.9330814773869222	0.9603421461897356	0.9080882352941176	0.9494157441574416
0.68	0.9327104411005541	0.961028838659392	0.9066176470588235	0.949630314232902
0.69	0.9323389896353527	0.9631949882537196	0.9044117647058824	0.950834879406308
0.7	0.9328196566291774	0.964622641509434	0.9022058823529412	0.9514578163771712
0.71	0.9311541900393158	0.9652173913043478	0.8977941176470589	0.9509345794392523
0.72	0.9308821000847661	0.965818759936407	0.8933823529411765	0.9504067584480601
0.73	0.9315606715133375	0.9681020733652312	0.8926470588235295	0.9520075282308658
0.74	0.9320877904906669	0.969551282051282	0.8897058823529411	0.952455919395466
0.75	0.9315002236987806	0.9702093397745571	0.8860294117647058	0.952117572692794
0.76	0.9299156277391848	0.9700404858299595	0.8808823529411764	0.9507936507936507
0.77	0.9303796428906999	0.9715447154471545	0.8786764705882353	0.9514331210191083
0.78	0.9326827044125113	0.9730171708912511	0.875	0.9516954574536148
0.79	0.9303461202731889	0.9736191261335532	0.8683823529411765	0.9505795235028976
0.8	0.9296461815058159	0.9750415973377704	0.861764705882353	0.9500648508430609
0.81	0.9288803881593773	0.9749582637729549	0.8588235294117647	0.9492847854356307
0.82	0.9279272940720921	0.9764309764309764	0.8529411764705882	0.9489528795811518
0.83	0.9263883155774684	0.9763113367174281	0.8485294117647059	0.9477660972404731
0.84	0.9250192679584208	0.9761904761904762	0.8441176470588235	0.9465699208443272
0.85	0.9206517084346112	0.976006855184233	0.8375	0.944757796947578
0.86	0.9135533960890347	0.9782419495213229	0.8264705882352941	0.9435862995298858
0.87	0.9101828760181471	0.9797891036906854	0.8198529411764706	0.9429972936400541
0.88	0.9070755819641618	0.9796460176991151	0.8139705882352941	0.9413265306122449
0.89	0.9060806738794704	0.9812667261373773	0.8088235294117647	0.9411362080766599
0.9	0.9030944403565522	0.9810469314079422	0.799264705882353	0.9383632596685083
0.91	0.8994702659198778	0.9835466179159049	0.7911764705882353	0.9379358437935844
0.92	0.8945508991347022	0.9833641404805915	0.7823529411764706	0.9353023909985936
0.93	0.8919331890700636	0.9840674789128397	0.7720588235294118	0.9328358208955224
0.94	0.8889820858871057	0.9857278782112274	0.7617647058823529	0.9309849029475198
0.95	0.8845730069951514	0.9921645445641528	0.7448529411764706	0.9303820720058781
