entity_id	target_entity_id	label	probability	target_source	country	target_country	business_name	target_business_name	business_address	target_business_address	matched_block
S1-145266647	S3-814168455	0	0.9960919	source3	US	US	A Cornerstone Ventures Inc.	A Cornerstone Ventures Inc	409 W Virginia Avenue, Nutter Fort, WV	416 W Virginia Avenue, Nutter Fort, West Virginia	hard_negative
S1-851495844	S2-205970753	0	0.99419594	source2	India	India	Aditanth Stone Private Limited	ADDITANTH PRIVATE LIMITED CENTER	H.No 2-74, Katkoor, Akkannapet, Siddipet, Husnabad, Karim Nagar, Telangana	H.NO 2-74, KATKOOR, AKKANNAPET, SIDDIPET, HUSNABAD, Telangana	hard_negative
S1-955680991	S2-736439479	0	0.99334586	source2	India	India	Meenya Services Limited	MEENYI SERVICES LÍMITED	210, U.S.Complex, 120, Mathura Road, New Delhi, South Delhi, Delhi	PLOT 193 210, U.S.COMPLEX, 120, MATHURA ROAD, NEW DELHI, Delhi	hard_negative
S1-324266483	S2-527097626	0	0.99257326	source2	US	US	Ambriz, Bell & Bufford Development Inc.	Tacker, Bell & Buff0rd Development Inc.	1695 Southport Supply Road, Bolivia, NC	1695 SOUTHPORT SUPPLY ROAD, null, BOLIVIA, NC	hard_negative
S1-859260498	S3-31158698	0	0.99121463	source3	India	India	Bishal Stone Private Limited	Bishal Private Stone Limited	103-A Gaffar Manjil Okhla, New Delhi, South Delhi, Delhi		hard_negative
S1-246622842	S2-40934508	0	0.9883222	source2	US	US	Orbium Twin Inc	Orrbium Inc Twin	1805 Greentree Boulevard, Unit 134, Clarksville, IN	1809 Greentree Boulevard, CLARKSVILLE, IN	hard_negative
S1-30819368	S3-728297133	0	0.9867894	source3	India	India	Jharkhand College Ltd	Jharkhand College Ltd	Flat No- 201, Aditya Exc 8-1-299/A/39 Shaikpet, Hyderabad, Telangana		hard_negative
S1-665011397	S2-695136697	0	0.9834261	source2	India	India	Varshora West Private Limited	VARZHORA WEST PRIVATE	24, Wanrai Marg, Prashant Nagar, Rukhmini Nagar, Amravati, Maharashtra	24, WANRAI MARG, PRASHANT NAGAR, RUKHMINI NAGAR, AMRAVATI, Maharashtra	hard_negative
S1-822039983	S2-747763137	0	0.98303866	source2	India	India	Roopva Furnishings Private Limited	Roopvi Furnishings Private Ltd	H. No. C-421 S/F, Vikas Puri, New Delhi, Delhi	H. NO. C-0424 S/F, VIKAS PURI, NEW DELHI, दिल्ली	hard_negative
S1-844191556	S2-534989667	0	0.9829352	source2	India	India	Balaji Sangh	Balaji Sangh Limited	16-2-742/F17/A, Venkatadri Nagar Asmangarh, Malakpet, Hyderabad, Telangana	16-2-742/F21/A/4, VENKATADRI NAGAR ASMANGARH, MALAKPET, HYDERABAD, తెలంగాణ	hard_negative
S1-830450887	S2-161422738	0	0.9780512	source2	US	US	Darnell Tax Service Inc	Daraa	75 Commerce Drive, Unit 722, Grayslake, IL	#75 COMMERCE DRIVE, GRAYSLAKE, IL	hard_negative
S1-858839511	S3-193883573	0	0.97258186	source3	India	India	Weizmann & Associates Pvt Ltd	Weizmann & Assoeaftes Pvt Ltd	Plot No-157, Pocke-H, Sector-5, Bawana Ind Area, Delhi, North West Delhi, Delhi		hard_negative
S1-120661636	S2-803929497	0	0.9590635	source2	US	US	Tenet Guardian	TENET GUARDIAN	1730 Schroon River Road, Unit Campsite 1, Warrensburg, NY		hard_negative
S1-976887383	S3-674333797	0	0.95326823	source3	US	US	GEO Twin LLC	Board	1083 Sunscape Way, Unit 419, Casa Grande, AZ	1083 Sunscape Way, Unit 344, Casa Grande, AZ	hard_negative
S1-858839511	S3-111051310	0	0.95302427	source3	India	India	Weizmann & Associates Pvt Ltd	Weizmann & Ass0ciates Pvt Ltd	Plot No-157, Pocke-H, Sector-5, Bawana Ind Area, Delhi, North West Delhi, Delhi		hard_negative
S1-196316647	S3-653812120	0	0.94504696	source3	India	India	Myway Enterprises	Myway Enterprises Exports Ltd	1-115-1, Madras Road, Chittor District, Srikalahasti, Andhra Pradesh	Hn D/761 1-115-6, Madras Road, Chittor District, Srikalahasti, AP	hard_negative
S1-150433887	S3-827178088	0	0.93953717	source3	US	US	Nexex Source Inc	Nexeon Source-Inc	595 Cache Street, Unit #A-6, Jackson, WY	616 Cache Street, Jackson, Wyoming	hard_negative
S1-565375960	S2-890365483	0	0.93334335	source2	India	India	Europa Academy	Europa  Academy Corporation	20 E Community Centre Munirka Marg Vasant Vihar Near Nerulas, New Delhi, South West Delhi, Delhi		hard_negative
S1-355968089	S3-795530766	0	0.9273408	source3	India	India	Universal Business Private Limited	Universal Business Pliiate Limited	Survey- 230, 21 Mubin Park, Nr. Chinar Park Sarkhej Road, Ahmadabad City, Ahmedabad, Gujarat		hard_negative
S1-65462705	S2-363836970	0	0.9159714	source2	US	US	Ajay Lair Staking LLC	Wilson Lair Staking [(LLC)]	326 Turnpike Road, Summersville, WV	326 TURNPIKE ROAD, SUMMERSVILLE, WV	hard_negative
S1-741607279	S3-749652416	0	0.91570735	source3	US	US	Solyn National Associates	Solyant National Associates	11793 Herodian Drive, Rancho Cordova, CA	11793 Herodian Dive, NULL, Rancho Cordova, California	hard_negative
S1-889543721	S2-749128932	0	0.9059181	source2	India	India	Gangendra Products Limited	Gangendraer Products Limited	483/7 Back Side Bus Stand, Ludhiana, Punjab	H.NO 483/12 BACK SIDE BUS STAND, LUDHIANA, <NULL>, ਪੰਜਾਬ	hard_negative
S1-943858276	S2-923264510	0	0.9054068	source2	India	India	YML Impex Private Limited	YML LIMITED PRIVATE ENERGIA	Poddar Court, G-1, 7Th Fl, R-718, 18 Rabindra Sarani, Kolkata, Kolkata, Howrah, West Bengal	53 PODDAR COURT, G-1, 7TH FL, R-718, 18 RABINDRA SARANI, KOLKATA, KOLKATA, পশ্চিমবঙ্গ	hard_negative
S1-350333926	S3-988949408	0	0.8811925	source3	India	India	My Power Private Limited	My సర్వీసెస్ Private Limited	38-40-19/1 104 Area, Visakapatnam, Vishakhapatnam, Andhra Pradesh	38-40-19/3 104 Area, Vishakhapatnam, AP	hard_negative
S1-982328712	S2-634518837	0	0.86206025	source2	US	US	Aurova Miluna	Auroari Miluna	NY, 97 Pioneer Street, Brooklyn	102 Pioneer St, BROOKLYN, NY	hard_negative
S1-36982360	S2-681167988	0	0.8448078	source2	US	US	Highland Guild	Highland Guild Co	1535 Mc Cord Street, Fl 1, Centralia, IL	##1542 MC CORD ST, CENTRALIA, IL	hard_negative
S1-943858276	S3-306288068	0	0.8422967	source3	India	India	YML Impex Private Limited	ওয়ান ফুড প্রাইভেট লিমিটেড	Poddar Court, G-1, 7Th Fl, R-718, 18 Rabindra Sarani, Kolkata, Kolkata, Howrah, West Bengal	WB, Kolkata, Rabindra Sarani, Poddar Court Gate No-1, 3Rd Floor, Room No-312, Kolkata, Howrah, 18	hard_negative
S1-133195295	S2-636070161	0	0.831342	source2	US	US	Electricians Union Local No 140	Electricians Electricians Local	1513 Cou Falls Rd NW, Swisher, IA		hard_negative
S1-923839393	S3-436186702	0	0.81650424	source3	US	US	Highland Fund	Highland Fund Co.	245 Elmwood Avenue, Unit Suite 311, Buffalo, NY	249C Elmwood Avenue, # Suite 311, Buffalo, New York	hard_negative
S1-126665092	S3-860916147	0	0.8136698	source3	US	US	Young's Partners	Young's Partners Co	4713 Vanguard Avenue, Dayton, OH	Dayton, 3715 Vanguard Ave, Ohio	hard_negative
S1-822363899	S3-788466344	0	0.8065931	source3	India	India	Usha Care Private Limited	Usha-Cee Prívate Limited	16, India Exchange Place, 1St Floor, Room No- 19 P S Hare Street, Kolkata, Howrah, West Bengal		hard_negative
S1-496215500	S2-509573460	0	0.77383876	source2	India	India	City Bright Software Private Limited	City Bright Software Agencies Private	D No - 11A - 1, Lavanya Garden, Phase - Ii, Kovaipudur, Coimbatore, Tamil Nadu	D NO - 11A - 3, LAVANYA GARDEN, PHASE - II, KOVAIPUDUR, COIMBATORE, Tamil Nadu	hard_negative
S1-247083697	S2-802436503	0	0.76885295	source2	India	India	Wonder Garments Center	Dr Wonder Garments Center Pvt Ltd	168/1103, Near Patna Central School, Sampatchak, Patna, Bihar	HN ##837 168/1110, NEAR PATNA CENTRAL SCHOOL, SAMPATCHAK, Bihar	hard_negative
S1-18284525	S3-463112493	0	0.7688123	source3	India	India	Muvattupuzha Trade Private Limited	Muvattupuzha Tran Private Limited	Viii/435, Palekkudy, Vazhakkulam P O Kavana, Avoli, Muvattupuzha, Ernakulam, Kerala	Xvi/d/109k, Ernakulam, Muvattupuzha, KL	hard_negative
S1-30819368	S3-895976305	0	0.7667376	source3	India	India	Jharkhand College Ltd	aryan one limited	Flat No- 201, Aditya Exc 8-1-299/A/39 Shaikpet, Hyderabad, Telangana	Hyderabad, Flat 201, TG	hard_negative
S1-134245445	S2-625462927	0	0.7606364	source2	India	India	Goodrich Sugar Private Limited	Goodrich Limited Center	Srishti Apt Ph-2 Bl-1 (Cons), Teghoria, Chinarpark, Kolkata, Parganas North, West Bengal	SRISHTI APT PH-2 BL-10 (CONS), TEGHORIA, CHINARPARK, KOLKATA, West Bengal	hard_negative
S1-755010061	S2-596073290	0	0.75689256	source2	India	India	Asthavinayak Investments Co	Asthavinayak Investments Private [Limited]	H No-316, G/F, Kh No.851/554, Main Road, North Ghonda, Near-Gamri Road, Delhi, North Delhi, Delhi		hard_negative
S1-429151420	S3-44776695	0	0.7501157	source3	US	US	4496 Lincoln Place Management LLC	4496 Lincoln Place Management L.L.C.	IN, Munster, 8730 Baring Avenue		hard_negative
S1-287423232	S3-827771239	0	0.7459529	source3	India	India	Bhuvi Welfare Society	Bhuvi Welfare Society Private Limited	Jublee Hills, Road No. 51, Journalist Colony, Pranay Nivas Apartment, Hyderabad, Telangana	#70- Jublee Hills, Road No. 51, Journalist Colony, Pranay Nivas Apartment, Hyderabad, Andhra Pradesh	hard_negative
S1-738777096	S3-791619169	0	0.7276552	source3	US	US	Adara Peart Arcelormittal	Adara Peart Arcelormittal Ltd	8103 Indiana Avenue, Lubbock, TX		hard_negative
S1-830450887	S2-407449449	0	0.72662324	source2	US	US	Darnell Tax Service Inc	West LLC Services	75 Commerce Drive, Unit 722, Grayslake, IL	75 COMMERCE DR, GRAYSLAKE, IL	hard_negative
S1-495522065	S2-187825351	0	0.7164438	source2	US	US	Zamudio Biomedical Inc	ZAMUDIO BIOMEDICAL ([CO])	870 Windsor Place, Varna, IL	87 WINDSOR PL, VARNA DP, IL	hard_negative
S1-986783834	S2-614381888	0	0.7104336	source2	India	India	Astrea Industries	Astrea Solutions	H No. 12-69, Flat No. 508, Vasista Enclave, Sanath Nagar Road, Opp: Autonagar Bus Dep, Ot, Kanuru, Vijayawada, Srikakulam, Andhra Pradesh	ఆంధ్రప్రదేశ్, 12-72 , FLAT NO. 508, VASISTA ENCLAVE, SANATH NAGAR ROAD, OPP: AUTONAGAR BUS DEP, OT, KANURU, VIJAYAWADA	hard_negative
S1-652433153	S3-780172729	0	0.69832313	source3	India	India	Indo Global Private Limited	Sri Indo Global LLP	No. 112, West Village, Kodiapalaya, Bengaluru, Bangalore, Karnataka	No 123, West Village, Kodiapalaya, KA	hard_negative
S1-204465467	S2-37313979	0	0.69087803	source2	India	India	Precision Group	Precision Gróup Overseas	4-5/8A, 1St Floor, 1St Cross, Kamakya Badavane, Banashankari 3Rd Stage, Bangalore, Karnataka	4-5/12A, 1ST FLOOR, 1ST CROSS, KAMAKYA BADAVANE, BANASHANKARI 3RD STAGE, BANGALORE, Karnataka	hard_negative
S1-18284525	S3-905205737	0	0.683456	source3	India	India	Muvattupuzha Trade Private Limited	Muvattupuzha  Tracon Private Limited	Viii/435, Palekkudy, Vazhakkulam P O Kavana, Avoli, Muvattupuzha, Ernakulam, Kerala	Xvi/d/109k, Ernakulam, Muvattupuzha, KL	hard_negative
S1-850080896	S3-2377670	0	0.6767673	source3	US	US	Midwest Nevada	MIDWEST NEVADA GROUP	223 134 Street, New York, NY	228 134 St, PMB 4512, New York	hard_negative
S1-887929358	S3-210803076	0	0.66441154	source3	US	US	Clear Analytics Networks	Clear Networks Ltd Service	5226 Cambria Road, Unit Apartment B, Cambria, NY	235 Cambria Road, Unit Apartment B, Cambria, New York	hard_negative
