threshold	entity_macro_f05	avg_predictions_per_entity
0.05	0.8394626371652433	4.135
0.06	0.8450374672952546	4.075
0.07	0.857406673587318	4.0125
0.08	0.8634999716180464	3.975
0.09	0.8693026384187202	3.9375
0.1	0.8738509642990678	3.895
0.11	0.8769142192489562	3.875
0.12	0.8798746080975031	3.85
0.13	0.8833996588684704	3.8325
0.14	0.8851412524357218	3.8175
0.15	0.8926260653136737	3.775
0.16	0.8947393481671608	3.7425
0.17	0.8969748092069699	3.7275
0.18	0.9026827200298968	3.695
0.19	0.9029422293214182	3.685
0.2	0.9045751827310773	3.67
0.21	0.906402564406746	3.645
0.22	0.9100653444525563	3.6225
0.23	0.9114220768006679	3.6125
0.24	0.9111324203679194	3.6
0.25	0.9095345218633096	3.5875
0.26	0.9104372996410874	3.58
0.27	0.9112841282510741	3.575
0.28	0.9127269042250999	3.5625
0.29	0.9136737339758091	3.55
0.3	0.9149736074502056	3.5325
0.31	0.9155917393183374	3.5275
0.32	0.9155917393183374	3.5275
0.33	0.9155917393183374	3.5275
0.34	0.9163217223381911	3.5225
0.35	0.9196470811898656	3.5125
0.36	0.9201530335708182	3.5025
0.37	0.9202711454707506	3.4925
0.38	0.9211334108953991	3.475
0.39	0.923052047814036	3.4625
0.4	0.923052047814036	3.4625
0.41	0.9217542477893172	3.4475
0.42	0.9231965585034067	3.435
0.43	0.9236617253748236	3.4275
0.44	0.9238367954028347	3.4225
0.45	0.9235951987641792	3.4175
0.46	0.923026340539071	3.4075
0.47	0.9227180492932797	3.395
0.48	0.9227727426619264	3.385
0.49	0.9235565613651531	3.3675
0.5	0.923939476306492	3.355
0.51	0.9237732354521806	3.34
0.52	0.9230877600080845	3.335
0.53	0.9232313166556643	3.3225
0.54	0.9232313166556643	3.3225
0.55	0.9274278188830195	3.3025
0.56	0.9273316650368656	3.3
0.57	0.9277483317035322	3.2975
0.58	0.927571532696088	3.2925
0.59	0.9274753788499343	3.29
0.6	0.9272481061226614	3.2875
0.61	0.9272481061226614	3.2875
0.62	0.927592470288589	3.275
0.63	0.9274174002605778	3.2675
0.64	0.9274174002605778	3.2675
0.65	0.9264513384326208	3.2575
0.66	0.9259325568463521	3.245
0.67	0.926198455969159	3.24
0.68	0.9291712295083994	3.225
0.69	0.9277396912901763	3.205
0.7	0.9275423986634482	3.1925
0.71	0.9279124644529219	3.1875
0.72	0.9277715626815853	3.185
0.73	0.9271418278331004	3.1675
0.74	0.9273210909719224	3.155
0.75	0.9278659015973781	3.15
0.76	0.9285123841815232	3.1325
0.77	0.9271245165344644	3.1175
0.78	0.9243651351206345	3.09
0.79	0.9227133494063486	3.08
0.8	0.9215113742981235	3.07
0.81	0.9215437018843303	3.0625
0.82	0.9234166890018827	3.0525
0.83	0.9174271056685493	3.04
0.84	0.9193292298923649	3.025
0.85	0.9163131735327955	3.0
0.86	0.9154481843553063	2.985
0.87	0.9125410585863385	2.9675
0.88	0.9123973481301281	2.9375
0.89	0.9123973481301281	2.9375
0.9	0.909207064149403	2.9
0.91	0.9069892635824175	2.8625
0.92	0.9049769671780495	2.84
0.93	0.8983291205393943	2.8025
0.94	0.8964495515963478	2.765
0.95	0.8866756292145499	2.71
