entity_id	true_count	predicted_count	tp	fp	fn	f05
S1-18284525	7	8	6	2	1	0.7692307692307692
S1-943858276	3	5	3	2	0	0.6521739130434783
S1-30819368	3	5	3	2	0	0.6521739130434783
S1-858839511	1	3	1	2	0	0.3846153846153846
S1-830450887	5	7	5	2	0	0.7575757575757576
S1-652433153	3	2	1	1	2	0.45454545454545453
S1-738777096	2	1	0	1	2	0.0
S1-887929358	4	4	3	1	1	0.75
S1-429151420	5	5	4	1	1	0.8
S1-822039983	3	3	2	1	1	0.6666666666666666
S1-324266483	5	5	4	1	1	0.8
S1-196316647	6	6	5	1	1	0.8333333333333334
S1-851495844	4	4	3	1	1	0.75
S1-982328712	4	4	3	1	1	0.75
S1-247083697	5	5	4	1	1	0.8
S1-844191556	4	4	3	1	1	0.75
S1-145266647	2	3	2	1	0	0.7142857142857142
S1-134245445	0	1	0	1	0	0.0
S1-665011397	3	4	3	1	0	0.7894736842105263
S1-741607279	2	3	2	1	0	0.7142857142857142
S1-350333926	5	6	5	1	0	0.8620689655172415
S1-923839393	3	4	3	1	0	0.7894736842105263
S1-150433887	4	5	4	1	0	0.8333333333333334
S1-850080896	3	4	3	1	0	0.7894736842105263
S1-889543721	6	7	6	1	0	0.8823529411764707
S1-495522065	2	3	2	1	0	0.7142857142857142
S1-246622842	6	7	6	1	0	0.8823529411764707
S1-355968089	2	3	2	1	0	0.7142857142857142
S1-755010061	2	3	2	1	0	0.7142857142857142
S1-955680991	0	1	0	1	0	0.0
S1-65462705	4	5	4	1	0	0.8333333333333334
S1-204465467	3	4	3	1	0	0.7894736842105263
S1-986783834	2	3	2	1	0	0.7142857142857142
S1-133195295	4	5	4	1	0	0.8333333333333334
S1-287423232	4	5	4	1	0	0.8333333333333334
S1-976887383	2	3	2	1	0	0.7142857142857142
S1-36982360	0	1	0	1	0	0.0
S1-496215500	3	4	3	1	0	0.7894736842105263
S1-822363899	4	5	4	1	0	0.8333333333333334
S1-126665092	2	3	2	1	0	0.7142857142857142
S1-859260498	4	5	4	1	0	0.8333333333333334
S1-120661636	3	4	3	1	0	0.7894736842105263
S1-565375960	3	4	3	1	0	0.7894736842105263
S1-342167536	4	2	2	0	2	0.8333333333333334
S1-884933804	4	2	2	0	2	0.8333333333333334
S1-187296983	5	3	3	0	2	0.8823529411764706
S1-198331138	4	2	2	0	2	0.8333333333333334
S1-933841892	4	2	2	0	2	0.8333333333333334
S1-30253451	3	1	1	0	2	0.7142857142857143
S1-970189295	3	1	1	0	2	0.7142857142857143
S1-197066661	6	4	4	0	2	0.9090909090909091
S1-450921781	3	1	1	0	2	0.7142857142857143
S1-119015580	3	1	1	0	2	0.7142857142857143
S1-658946828	7	5	5	0	2	0.9259259259259259
S1-508359301	4	2	2	0	2	0.8333333333333334
S1-287841785	4	2	2	0	2	0.8333333333333334
S1-589199825	2	0	0	0	2	0.0
S1-794739167	4	2	2	0	2	0.8333333333333334
S1-21014473	4	3	3	0	1	0.9375
S1-696625655	3	2	2	0	1	0.9090909090909091
S1-939870834	3	2	2	0	1	0.9090909090909091
S1-275499585	2	1	1	0	1	0.8333333333333334
S1-188850257	3	2	2	0	1	0.9090909090909091
S1-229241055	7	6	6	0	1	0.9677419354838709
S1-231171085	5	4	4	0	1	0.9523809523809523
S1-467385551	7	6	6	0	1	0.9677419354838709
S1-825556077	3	2	2	0	1	0.9090909090909091
S1-793491439	6	5	5	0	1	0.9615384615384615
S1-960003393	2	1	1	0	1	0.8333333333333334
S1-695883522	3	2	2	0	1	0.9090909090909091
S1-337551862	6	5	5	0	1	0.9615384615384615
S1-534530283	6	5	5	0	1	0.9615384615384615
S1-254708915	4	3	3	0	1	0.9375
S1-212551639	3	2	2	0	1	0.9090909090909091
S1-763905567	5	4	4	0	1	0.9523809523809523
S1-750733576	4	3	3	0	1	0.9375
S1-793975240	5	4	4	0	1	0.9523809523809523
S1-585509036	2	1	1	0	1	0.8333333333333334
S1-311075440	5	4	4	0	1	0.9523809523809523
S1-38240553	2	1	1	0	1	0.8333333333333334
S1-293574559	2	1	1	0	1	0.8333333333333334
S1-82841025	4	3	3	0	1	0.9375
S1-67226401	3	2	2	0	1	0.9090909090909091
S1-849829625	3	2	2	0	1	0.9090909090909091
S1-886920190	6	5	5	0	1	0.9615384615384615
S1-808993097	3	2	2	0	1	0.9090909090909091
S1-67862519	5	4	4	0	1	0.9523809523809523
S1-535635757	5	4	4	0	1	0.9523809523809523
S1-829873282	3	2	2	0	1	0.9090909090909091
S1-314033835	6	5	5	0	1	0.9615384615384615
S1-972436626	3	2	2	0	1	0.9090909090909091
S1-835855233	1	0	0	0	1	0.0
S1-620481679	4	3	3	0	1	0.9375
S1-914695907	2	1	1	0	1	0.8333333333333334
S1-379839352	6	5	5	0	1	0.9615384615384615
S1-343853067	4	3	3	0	1	0.9375
S1-92258072	5	4	4	0	1	0.9523809523809523
S1-872306691	1	0	0	0	1	0.0
S1-240136484	4	3	3	0	1	0.9375
S1-215793917	4	3	3	0	1	0.9375
S1-761572592	2	1	1	0	1	0.8333333333333334
S1-585231542	1	0	0	0	1	0.0
S1-728737455	7	6	6	0	1	0.9677419354838709
S1-263419928	2	1	1	0	1	0.8333333333333334
S1-354366895	5	4	4	0	1	0.9523809523809523
S1-183397909	7	6	6	0	1	0.9677419354838709
S1-700493784	3	2	2	0	1	0.9090909090909091
S1-774280449	2	1	1	0	1	0.8333333333333334
S1-96525518	6	5	5	0	1	0.9615384615384615
S1-995231312	6	5	5	0	1	0.9615384615384615
S1-244541357	4	3	3	0	1	0.9375
S1-780855943	2	1	1	0	1	0.8333333333333334
S1-709904680	2	1	1	0	1	0.8333333333333334
S1-629420074	5	4	4	0	1	0.9523809523809523
S1-575839178	2	1	1	0	1	0.8333333333333334
S1-111825425	6	5	5	0	1	0.9615384615384615
S1-387476162	3	2	2	0	1	0.9090909090909091
S1-958969868	3	2	2	0	1	0.9090909090909091
S1-596708745	3	2	2	0	1	0.9090909090909091
S1-519487974	3	2	2	0	1	0.9090909090909091
S1-457160024	4	3	3	0	1	0.9375
S1-247519242	5	4	4	0	1	0.9523809523809523
S1-771597432	5	4	4	0	1	0.9523809523809523
S1-254311489	5	4	4	0	1	0.9523809523809523
S1-657583949	3	2	2	0	1	0.9090909090909091
S1-932457519	2	1	1	0	1	0.8333333333333334
S1-884821746	3	3	3	0	0	1.0
S1-153581305	0	0	0	0	0	0.0
S1-903447681	4	4	4	0	0	1.0
S1-893496971	4	4	4	0	0	1.0
S1-441056690	4	4	4	0	0	1.0
S1-997335376	3	3	3	0	0	1.0
S1-679198638	4	4	4	0	0	1.0
S1-276308842	4	4	4	0	0	1.0
S1-828598904	4	4	4	0	0	1.0
S1-356099338	3	3	3	0	0	1.0
S1-403792067	2	2	2	0	0	1.0
S1-848674533	3	3	3	0	0	1.0
S1-851933645	3	3	3	0	0	1.0
S1-495916054	2	2	2	0	0	1.0
S1-135659649	3	3	3	0	0	1.0
S1-451751916	6	6	6	0	0	1.0
S1-905852984	2	2	2	0	0	1.0
S1-916194355	4	4	4	0	0	1.0
S1-860326700	5	5	5	0	0	1.0
S1-61972131	2	2	2	0	0	1.0
S1-329321302	6	6	6	0	0	1.0
S1-737671813	2	2	2	0	0	1.0
S1-195639551	3	3	3	0	0	1.0
S1-263376622	2	2	2	0	0	1.0
S1-220339020	2	2	2	0	0	1.0
S1-435560173	8	8	8	0	0	1.0
S1-834523727	7	7	7	0	0	1.0
S1-42123921	1	1	1	0	0	1.0
S1-599083180	6	6	6	0	0	1.0
S1-235061460	6	6	6	0	0	1.0
S1-414089898	2	2	2	0	0	1.0
S1-881934302	4	4	4	0	0	1.0
S1-613853107	6	6	6	0	0	1.0
S1-491051523	3	3	3	0	0	1.0
S1-554291764	3	3	3	0	0	1.0
S1-99378492	0	0	0	0	0	0.0
S1-589714748	2	2	2	0	0	1.0
S1-457345369	5	5	5	0	0	1.0
S1-131343811	6	6	6	0	0	1.0
S1-190588887	5	5	5	0	0	1.0
S1-658337413	3	3	3	0	0	1.0
S1-259085761	4	4	4	0	0	1.0
S1-717682447	5	5	5	0	0	1.0
S1-799122367	4	4	4	0	0	1.0
S1-878446836	4	4	4	0	0	1.0
S1-269049960	1	1	1	0	0	1.0
S1-576595011	1	1	1	0	0	1.0
S1-540948499	4	4	4	0	0	1.0
S1-896994726	1	1	1	0	0	1.0
S1-667860262	3	3	3	0	0	1.0
S1-80512864	5	5	5	0	0	1.0
S1-479726162	2	2	2	0	0	1.0
S1-300114711	4	4	4	0	0	1.0
S1-366162595	4	4	4	0	0	1.0
S1-578395184	2	2	2	0	0	1.0
S1-145718293	1	1	1	0	0	1.0
S1-650377517	3	3	3	0	0	1.0
S1-439630737	5	5	5	0	0	1.0
S1-443961761	2	2	2	0	0	1.0
S1-450505045	1	1	1	0	0	1.0
S1-776590070	1	1	1	0	0	1.0
S1-855720209	2	2	2	0	0	1.0
S1-805391199	6	6	6	0	0	1.0
S1-504088707	5	5	5	0	0	1.0
S1-368658588	2	2	2	0	0	1.0
S1-989059090	4	4	4	0	0	1.0
S1-229958801	5	5	5	0	0	1.0
S1-28249278	2	2	2	0	0	1.0
S1-311550482	3	3	3	0	0	1.0
S1-869692930	1	1	1	0	0	1.0
S1-176177589	3	3	3	0	0	1.0
S1-336575652	4	4	4	0	0	1.0
S1-756075516	1	1	1	0	0	1.0
S1-136985265	3	3	3	0	0	1.0
S1-332898031	1	1	1	0	0	1.0
S1-157188648	3	3	3	0	0	1.0
S1-367269479	6	6	6	0	0	1.0
S1-741150568	6	6	6	0	0	1.0
S1-973543658	5	5	5	0	0	1.0
S1-32793628	2	2	2	0	0	1.0
S1-449070000	3	3	3	0	0	1.0
S1-867839175	3	3	3	0	0	1.0
S1-80095419	4	4	4	0	0	1.0
S1-289764037	4	4	4	0	0	1.0
S1-488791896	3	3	3	0	0	1.0
S1-251423323	5	5	5	0	0	1.0
S1-317863437	1	1	1	0	0	1.0
S1-24766443	5	5	5	0	0	1.0
S1-672292792	3	3	3	0	0	1.0
S1-370114215	2	2	2	0	0	1.0
S1-133735889	7	7	7	0	0	1.0
S1-136408821	4	4	4	0	0	1.0
S1-22672386	4	4	4	0	0	1.0
S1-854794527	4	4	4	0	0	1.0
S1-207202546	2	2	2	0	0	1.0
S1-800593000	3	3	3	0	0	1.0
S1-780127281	0	0	0	0	0	0.0
S1-398753510	5	5	5	0	0	1.0
S1-40041351	1	1	1	0	0	1.0
S1-70142491	6	6	6	0	0	1.0
S1-561486782	3	3	3	0	0	1.0
S1-968318141	2	2	2	0	0	1.0
S1-568037802	3	3	3	0	0	1.0
S1-202696861	4	4	4	0	0	1.0
S1-374348135	2	2	2	0	0	1.0
S1-199623200	3	3	3	0	0	1.0
S1-673133903	2	2	2	0	0	1.0
S1-989082158	0	0	0	0	0	0.0
S1-886660696	4	4	4	0	0	1.0
S1-520821936	7	7	7	0	0	1.0
S1-565508752	0	0	0	0	0	0.0
S1-311899741	2	2	2	0	0	1.0
S1-722787597	2	2	2	0	0	1.0
S1-832473847	4	4	4	0	0	1.0
S1-446448823	7	7	7	0	0	1.0
S1-893432968	1	1	1	0	0	1.0
S1-897550872	5	5	5	0	0	1.0
S1-204824820	3	3	3	0	0	1.0
S1-514071661	2	2	2	0	0	1.0
S1-357278304	5	5	5	0	0	1.0
S1-8808528	2	2	2	0	0	1.0
S1-51517844	4	4	4	0	0	1.0
S1-504258996	5	5	5	0	0	1.0
S1-230783540	2	2	2	0	0	1.0
S1-558711844	4	4	4	0	0	1.0
S1-574117836	6	6	6	0	0	1.0
S1-356034012	2	2	2	0	0	1.0
S1-254744042	3	3	3	0	0	1.0
S1-803064891	3	3	3	0	0	1.0
S1-210848910	3	3	3	0	0	1.0
S1-783473876	6	6	6	0	0	1.0
S1-160468860	6	6	6	0	0	1.0
S1-623064180	2	2	2	0	0	1.0
S1-871414018	3	3	3	0	0	1.0
S1-540154271	1	1	1	0	0	1.0
S1-470362967	3	3	3	0	0	1.0
S1-798750323	2	2	2	0	0	1.0
S1-14822438	4	4	4	0	0	1.0
S1-343643017	6	6	6	0	0	1.0
S1-355149053	0	0	0	0	0	0.0
S1-691053860	2	2	2	0	0	1.0
S1-12540663	3	3	3	0	0	1.0
S1-347880814	6	6	6	0	0	1.0
S1-134763903	3	3	3	0	0	1.0
S1-622079334	4	4	4	0	0	1.0
S1-478932898	7	7	7	0	0	1.0
S1-179509112	5	5	5	0	0	1.0
S1-828468794	2	2	2	0	0	1.0
S1-386540632	1	1	1	0	0	1.0
S1-917989060	1	1	1	0	0	1.0
S1-176047130	6	6	6	0	0	1.0
S1-719698520	5	5	5	0	0	1.0
S1-329500466	2	2	2	0	0	1.0
S1-556801644	4	4	4	0	0	1.0
S1-728563370	2	2	2	0	0	1.0
S1-311135946	3	3	3	0	0	1.0
S1-920057284	0	0	0	0	0	0.0
S1-927290314	3	3	3	0	0	1.0
S1-149070691	3	3	3	0	0	1.0
S1-62459539	3	3	3	0	0	1.0
S1-371096039	6	6	6	0	0	1.0
S1-987483861	3	3	3	0	0	1.0
S1-944315779	4	4	4	0	0	1.0
S1-243736208	2	2	2	0	0	1.0
S1-584512418	4	4	4	0	0	1.0
S1-504755814	3	3	3	0	0	1.0
S1-791289901	5	5	5	0	0	1.0
S1-247671675	2	2	2	0	0	1.0
S1-911335307	0	0	0	0	0	0.0
S1-724975627	2	2	2	0	0	1.0
S1-285688116	2	2	2	0	0	1.0
S1-697032184	3	3	3	0	0	1.0
S1-761315445	2	2	2	0	0	1.0
S1-580225009	1	1	1	0	0	1.0
S1-579893664	4	4	4	0	0	1.0
S1-590445981	2	2	2	0	0	1.0
S1-969449415	4	4	4	0	0	1.0
S1-335454672	2	2	2	0	0	1.0
S1-586702467	4	4	4	0	0	1.0
S1-322861353	4	4	4	0	0	1.0
S1-448134175	5	5	5	0	0	1.0
S1-764102060	4	4	4	0	0	1.0
S1-411405620	4	4	4	0	0	1.0
S1-685520356	2	2	2	0	0	1.0
S1-269046235	4	4	4	0	0	1.0
S1-74767959	3	3	3	0	0	1.0
S1-374652514	5	5	5	0	0	1.0
S1-232539462	4	4	4	0	0	1.0
S1-449697731	0	0	0	0	0	0.0
S1-131694461	4	4	4	0	0	1.0
S1-957397981	3	3	3	0	0	1.0
S1-374408447	5	5	5	0	0	1.0
S1-334306985	4	4	4	0	0	1.0
S1-846596423	3	3	3	0	0	1.0
S1-796072379	2	2	2	0	0	1.0
S1-890494937	5	5	5	0	0	1.0
S1-546000959	4	4	4	0	0	1.0
S1-125153812	1	1	1	0	0	1.0
S1-403358116	0	0	0	0	0	0.0
S1-952066266	0	0	0	0	0	0.0
S1-763905190	2	2	2	0	0	1.0
S1-833844635	4	4	4	0	0	1.0
S1-962405384	0	0	0	0	0	0.0
S1-919460029	4	4	4	0	0	1.0
S1-924206150	4	4	4	0	0	1.0
S1-435322086	1	1	1	0	0	1.0
S1-417089727	5	5	5	0	0	1.0
S1-295127437	2	2	2	0	0	1.0
S1-680458625	3	3	3	0	0	1.0
S1-871433380	7	7	7	0	0	1.0
S1-337480574	4	4	4	0	0	1.0
S1-20334200	3	3	3	0	0	1.0
S1-214014754	5	5	5	0	0	1.0
S1-754597886	4	4	4	0	0	1.0
S1-767224190	4	4	4	0	0	1.0
S1-978460712	2	2	2	0	0	1.0
S1-962729800	4	4	4	0	0	1.0
S1-483233151	4	4	4	0	0	1.0
S1-470759905	2	2	2	0	0	1.0
S1-22384176	3	3	3	0	0	1.0
S1-769342352	0	0	0	0	0	0.0
S1-154524211	2	2	2	0	0	1.0
S1-803366501	8	8	8	0	0	1.0
S1-807121989	3	3	3	0	0	1.0
S1-62832469	4	4	4	0	0	1.0
S1-970577809	5	5	5	0	0	1.0
S1-19110327	2	2	2	0	0	1.0
S1-495991019	3	3	3	0	0	1.0
S1-531161389	6	6	6	0	0	1.0
S1-277396935	5	5	5	0	0	1.0
S1-466161337	3	3	3	0	0	1.0
S1-379772821	3	3	3	0	0	1.0
S1-232451681	5	5	5	0	0	1.0
S1-790201053	4	4	4	0	0	1.0
S1-455276880	4	4	4	0	0	1.0
S1-708497632	4	4	4	0	0	1.0
S1-530663078	6	6	6	0	0	1.0
S1-119713054	2	2	2	0	0	1.0
S1-64834915	4	4	4	0	0	1.0
S1-237030699	2	2	2	0	0	1.0
S1-13478244	3	3	3	0	0	1.0
S1-332184955	0	0	0	0	0	0.0
S1-284448330	2	2	2	0	0	1.0
S1-902890940	4	4	4	0	0	1.0
S1-534247435	5	5	5	0	0	1.0
S1-723223124	2	2	2	0	0	1.0
S1-735509609	6	6	6	0	0	1.0
S1-237342742	2	2	2	0	0	1.0
S1-36252280	3	3	3	0	0	1.0
S1-907138605	3	3	3	0	0	1.0
S1-439788297	0	0	0	0	0	0.0
S1-194037762	4	4	4	0	0	1.0
S1-435063554	3	3	3	0	0	1.0
S1-572870959	8	8	8	0	0	1.0
S1-67533278	0	0	0	0	0	0.0
S1-918281520	3	3	3	0	0	1.0
S1-789485058	6	6	6	0	0	1.0
S1-154810142	4	4	4	0	0	1.0
S1-692074117	5	5	5	0	0	1.0
S1-617791826	1	1	1	0	0	1.0
S1-996786948	5	5	5	0	0	1.0
S1-758304931	0	0	0	0	0	0.0
S1-217637998	5	5	5	0	0	1.0
S1-505145513	0	0	0	0	0	0.0
S1-971934283	3	3	3	0	0	1.0
S1-232669398	3	3	3	0	0	1.0
S1-97167336	3	3	3	0	0	1.0
S1-747435954	0	0	0	0	0	0.0
S1-885606018	5	5	5	0	0	1.0
S1-827417332	4	4	4	0	0	1.0
S1-542499770	3	3	3	0	0	1.0
S1-516147083	2	2	2	0	0	1.0
S1-619382124	3	3	3	0	0	1.0
S1-318301945	3	3	3	0	0	1.0
